lycee,ville,type,effectif,success
LYCEE HENRI IV,PARIS,PU,282,100
LYCEE STANISLAS,PARIS,PR,284,100
LYCEE SAINT-JEAN DE PASSY,PARIS,PR,154,100
LYCEE SAINT-LOUIS DE GONZAGUE,PARIS,PR,148,100
LYCEE ALBERT DE MUN,CRETEIL,PR,143,99
LYCEE EPIN,CRETEIL,PR,81,99
LYCEE SAINT PAUL,LILLE,PR,260,99
LYCEE PRIVE DE MARCQ,LILLE,PR,276,99
INSTITUTION DES CHARTREUX,LYON,PR,226,99
LYCEE STANISLAS,NICE,PR,111,99
LYCEE LAVOISIER,PARIS,PU,197,99
LYCEE LOUIS LE GRAND,PARIS,PU,296,99
ECOLE ALSACIENNE,PARIS,PR,155,99
LYCEE NOTRE-DAME DE SION,PARIS,PR,144,99
LYCEE L'ALMA,PARIS,PR,79,99
LYCEE LA ROCHEFOUCAULD,PARIS,PR,106,99
LYCEE FENELON SAINTE-MARIE,PARIS,PR,236,99
LYCEE CONDORCET,PARIS,PU,171,99
LYCEE SAINT-MICHEL DE PICPUS,PARIS,PR,277,99
LYCEE BLOMET,PARIS,PR,165,99
LYCEE SAINTE GENEVIEVE,VERSAILLES,PR,146,99
LYCEE NOTRE-DAME,VERSAILLES,PR,148,99
LYCEE SAINTE MARIE,VERSAILLES,PR,97,99
LYCEE SAINT DOMINIQUE,VERSAILLES,PR,173,99
LYCEE MADELEINE DANIELOU,VERSAILLES,PR,158,99
LYCEE NOTRE DAME DE LA COMPASSION,VERSAILLES,PR,188,99
LYCEE ST FRANCOIS D ASSISE,VERSAILLES,PR,169,99
LYCEE INTERNATIONAL,VERSAILLES,PU,285,99
LYCEE HOCHE,VERSAILLES,PU,404,99
LYCEE ST JEAN ET HULST,VERSAILLES,PR,276,99
LYCEE LACORDAIRE,AIX-MARSEILLE,PR,208,98
LYCEE ST GENES,BORDEAUX,PR,179,98
LYCEE STE MARIE GRAND LEBRUN,BORDEAUX,PR,236,98
INSTITUT SAINT-LO,CAEN,PR,165,98
LYCEE ESPERANCE,CRETEIL,PR,142,98
LYCEE ALLIANCE,CRETEIL,PR,53,98
LYCEE NOTRE DAME DES MISSIONS,CRETEIL,PR,105,98
LYCEE MONTALEMBERT,CRETEIL,PR,118,98
LYCEE SAINT MICHEL DE PICPUS,CRETEIL,PR,120,98
LYCEE MARCELIN BERTHELOT,CRETEIL,PU,346,98
LYCEE PETIT VAL,CRETEIL,PR,75,98
LYCEE NOTRE DAME DE LA PROVIDENCE,CRETEIL,PR,126,98
LYCEE CHARLES DE GAULLE,DIJON,PU,291,98
LYCEE SAINT BONNET,GRENOBLE,PR,62,98
LYCEE INTERNATIONAL EUROPOLE,GRENOBLE,PU,130,98
LYCEE CATHOLIQUE LEVAVASSEUR,LA REUNION,PR,242,98
LYCEE THERESE D'AVILA,LILLE,PR,163,98
LYCEE SAINT ADRIEN,LILLE,PR,211,98
LYCEE LA MALASSISE,LILLE,PR,144,98
LYCEE CHARLES DE FOUCAULD,LYON,PR,165,98
LYCEE CHEVREUL,LYON,PR,134,98
LYCEE AUX LAZARISTES,LYON,PR,220,98
LYCEE SAINTE MARIE LYON,LYON,PR,390,98
LYCEE DU PARC,LYON,PU,226,98
LYCEE SAINT JOSEPH,LYON,PR,110,98
LYCEE ST JOSEPH DE CLUNY,MARTINIQUE,PR,118,98
LYCEE LA MALGRANGE,NANCY-METZ,PR,142,98
LYCEE NOTRE DAME SAINT SIGISBERT,NANCY-METZ,PR,199,98
LYCEE FABERT,NANCY-METZ,PU,404,98
LYCEE SAINT PIERRE CHANEL,NANCY-METZ,PR,136,98
LYCEE CLEMENCEAU,NANTES,PU,301,98
LYCEE GABRIEL GUISTHAU,NANTES,PU,296,98
LYCEE LA PERVERIE SACRE COEUR,NANTES,PR,139,98
LYCEE ST JOSEPH DU LOQUIDY,NANTES,PR,218,98
LYCEE STANISLAS,NICE,PR,176,98
LYCEE INTERNATIONAL,NICE,PU,325,98
LYCEE SAINTE JEANNE D ARC (GENERAL ET TECHNO.),NICE,PR,88,98
LYCEE SAINT JOSEPH,NICE,PR,128,98
LYCEE FENELON,NICE,PR,140,98
LYCEE DESCARTES,ORLEANS-TOURS,PU,310,98
LYCEE SAINT CHARLES,ORLEANS-TOURS,PR,106,98
LYCEE CHARLEMAGNE,PARIS,PU,196,98
LYCEE SEVIGNE,PARIS,PR,75,98
LYCEE PAUL CLAUDEL,PARIS,PR,92,98
LYCEE VICTOR DURUY,PARIS,PU,320,98
LYCEE ROCROY SAINT-VINCENT DE PAUL,PARIS,PR,179,98
LYCEE CHARLES PEGUY,PARIS,PR,160,98
LYCEE BOULLE ESAA,PARIS,PU,27,98
LYCEE NOTRE-DAME DE FRANCE,PARIS,PR,54,98
LYCEE GERSON,PARIS,PR,117,98
LYCEE JEAN-BAPTISTE SAY,PARIS,PU,225,98
LYCEE LA TOUR,PARIS,PR,112,98
LYCEE STE URSULE-LOUISE BETTIGNIES,PARIS,PR,92,98
LYCEE ST JOSEPH,REIMS,PR,112,98
LYCEE FRANCOIS RENE DE CHATEAUBRIAND,RENNES,PU,201,98
LYCEE JEAN-BAPTISTE DE LA SALLE,ROUEN,PR,206,98
ECOLE AQUIBA,STRASBOURG,PR,37,98
LYCEE LE GYMNASE JEAN STURM,STRASBOURG,PR,261,98
LYCEE SECTIONS INTERNATIONALES,STRASBOURG,PU,321,98
LYCEE PIERRE DE FERMAT,TOULOUSE,PU,379,98
COURS SECONDAIRE,VERSAILLES,PR,84,98
LYCEE BLAISE PASCAL,VERSAILLES,PU,328,98
LYCEE SAINT- LOUIS SAINT-CLEMENT,VERSAILLES,PR,135,98
LYCEE SAINTE MARIE LA CROIX,VERSAILLES,PR,314,98
LYCEE SAINT THOMAS DE VILLENEUVE,VERSAILLES,PR,134,98
LYCEE LOUIS PASTEUR,VERSAILLES,PU,225,98
LYCEE NOTRE DAME DE SAINTE CROIX,VERSAILLES,PR,160,98
LYCEE NOTRE-DAME DE BURY,VERSAILLES,PR,257,98
LYCEE FRANCO ALLEMAND,VERSAILLES,PU,116,98
LYCEE BLANCHE DE CASTILLE,VERSAILLES,PR,244,98
LYCEE NOTRE DAME,VERSAILLES,PR,314,98
LYCEE ST EREMBERT,VERSAILLES,PR,227,98
LYCEE NOTRE DAME,VERSAILLES,PR,293,98
LYCEE NOTRE DAME DU GRANDCHAMP,VERSAILLES,PR,324,98
LYCEE NATIVITE (LA),AIX-MARSEILLE,PR,172,97
LYCEE STE MARIE,AIX-MARSEILLE,PR,90,97
LYCEE NOTRE DAME DE SION,AIX-MARSEILLE,PR,169,97
LYCEE SAINT DOMINIQUE,AMIENS,PR,87,97
LYCEE SAINT VINCENT,AMIENS,PR,223,97
LYCEE FRANCOIS MAGENDIE,BORDEAUX,PU,368,97
LYCEE ST JOSEPH DE TIVOLI,BORDEAUX,PR,208,97
LYCEE FENELON,CLERMONT-FERRAND,PR,96,97
LYCEE MASSILLON,CLERMONT-FERRAND,PR,66,97
LYCEE FRANCOIS 1ER,CRETEIL,PU,347,97
LYCEE ST LAURENT-LA PAIX NOTRE DAME,CRETEIL,PR,195,97
LYCEE SAINT ASPAIS (GENERAL ET TECHNO.),CRETEIL,PR,311,97
LYCEE CAMPUS SAINTE THERESE,CRETEIL,PR,143,97
LYCEE CHARLES PEGUY,CRETEIL,PR,64,97
LYCEE BLANCHE DE CASTILLE,CRETEIL,PR,137,97
LYCEE TEILHARD DE CHARDIN,CRETEIL,PR,289,97
LYCEE D'ARSONVAL,CRETEIL,PU,280,97
LYCEE CARNOT,DIJON,PU,242,97
LYCEE CLAUDE LOUIS BERTHOLLET,GRENOBLE,PU,344,97
LYCEE SAINT MICHEL,GRENOBLE,PR,236,97
LYCEE CHAMPOLLION,GRENOBLE,PU,236,97
LYCEE DU GRESIVAUDAN (GENERAL ET TECHNO.),GRENOBLE,PU,435,97
LYCEE SAINT JUDE,LILLE,PR,198,97
LYCEE SAINTE MARIE,LILLE,PR,289,97
LYCEE LA CROIX BLANCHE,LILLE,PR,141,97
LYCEE EC SUP ARTS APPLIQUES TEXTILE,LILLE,PU,58,97
LYCEE SAINT PAUL,LILLE,PR,284,97
LYCEE SAINT MARC,LYON,PR,194,97
LYCEE NOTRE DAME DE BELLEGARDE,LYON,PR,166,97
LYCEE SAINT THOMAS D'AQUIN VERITAS,LYON,PR,213,97
LYCEE NOTRE DAME DE MONGRE,LYON,PR,154,97
LYCEE NOTRE DAME DE LA MERCI,MONTPELLIER,PR,332,97
LYCEE SAINT-LOUIS-DE-GONZAGUE,MONTPELLIER,PR,138,97
EXTERNAT DES ENFANTS NANTAIS,NANTES,PR,216,97
LYCEE BLANCHE DE CASTILLE,NANTES,PR,102,97
LYCEE JULES VERNE,NANTES,PU,203,97
LYCEE ND DE TOUTES AIDES,NANTES,PR,167,97
LYCEE DAVID D ANGERS,NANTES,PU,270,97
LYCEE ST MARTIN,NANTES,PR,155,97
LYCEE JEANNE DELANOUE,NANTES,PR,114,97
LYCEE DON BOSCO,NANTES,PR,44,97
LYCEE MONTESQUIEU,NANTES,PU,335,97
LYCEE NOTRE DAME DES AYDES,ORLEANS-TOURS,PR,96,97
LYCEE SAINTE MARIE,ORLEANS-TOURS,PR,127,97
LYCEE LES FRANCS BOURGEOIS,PARIS,PR,235,97
LYCEE MASSILLON,PARIS,PR,133,97
LYCEE FENELON,PARIS,PU,144,97
LYCEE MAXIMILIEN VOX-ART-DESSIN (GENERAL ET TECHNO.),PARIS,PU,73,97
LYCEE SAINTE-JEANNE ELISABETH,PARIS,PR,92,97
LYCEE CHAPTAL,PARIS,PU,172,97
LYCEE BOSSUET-NOTRE-DAME,PARIS,PR,99,97
LYCEE CLAUDE MONET,PARIS,PU,360,97
LYCEE JANSON DE SAILLY,PARIS,PU,344,97
LYCEE JEAN DE LA FONTAINE,PARIS,PU,232,97
LYCEE L'ASSOMPTION,PARIS,PR,108,97
ECOLE  INTERNATIONAL BILINGUE,PARIS,PR,125,97
LYCEE HELENE BOUCHER,PARIS,PU,381,97
LYCEE SAINT PAUL,POITIERS,PR,109,97
LYCEE JEAN JAURES,REIMS,PU,273,97
LYCEE SACRE-COEUR,REIMS,PR,166,97
LYCEE ST CHARLES,RENNES,PR,149,97
LYCEE ST JOSEPH,RENNES,PR,155,97
LYCEE EMILE ZOLA,RENNES,PU,364,97
LYCEE PIERRE CORNEILLE,ROUEN,PU,333,97
LYCEE FREPPEL,STRASBOURG,PU,184,97
COLLEGE EPISCOPAL ST ETIENNE,STRASBOURG,PR,171,97
COLLEGE EPISCOPAL,STRASBOURG,PR,155,97
LYCEE LE FERRADOU,TOULOUSE,PR,93,97
LYCEE PIERRE-PAUL RIQUET,TOULOUSE,PU,436,97
LYCEE EMILIE DE RODAT (GENERAL ET TECHNO.),TOULOUSE,PR,186,97
LYCEE LE CAOUSOU,TOULOUSE,PR,171,97
LYCEE OZENNE,TOULOUSE,PU,269,97
LYCEE SAINT-JOSEPH,TOULOUSE,PR,243,97
LYCEE LAPEROUSE,TOULOUSE,PU,190,97
LYCEE VALLEE DE CHEVREUSE,VERSAILLES,PU,429,97
LYCEE NOTRE DAME,VERSAILLES,PR,306,97
LYCEE NOTRE-DAME,VERSAILLES,PR,133,97
LYCEE JEANNE D ARC,VERSAILLES,PR,134,97
LYCEE LA SOURCE,VERSAILLES,PR,66,97
LYCEE LA SALLE PASSY BUZENVAL,VERSAILLES,PR,240,97
LYCEE RICHELIEU,VERSAILLES,PU,640,97
LYCEE LAKANAL,VERSAILLES,PU,346,97
LYCEE MARIE CURIE,VERSAILLES,PU,307,97
LYCEE MICHELET,VERSAILLES,PU,344,97
LYCEE LE BON SAUVEUR,VERSAILLES,PR,136,97
LYCEE LOUIS DE BROGLIE,VERSAILLES,PU,283,97
LYCEE STE THERESE,VERSAILLES,PR,160,97
LYCEE JEANNE D ALBRET,VERSAILLES,PU,485,97
LYCEE LA BRUYERE,VERSAILLES,PU,343,97
LYCEE CHEVREUL BLANCARDE,AIX-MARSEILLE,PR,121,96
LYCEE SEVIGNE,AIX-MARSEILLE,PR,122,96
LYCEE ST JEAN LA CROIX,AMIENS,PR,183,96
LYCEE SAINT ESPRIT,AMIENS,PR,227,96
LYCEE SAINTE FAMILLE,AMIENS,PR,183,96
LYCEE CAMILLE JULLIAN,BORDEAUX,PU,291,96
LYCEE DES GRAVES,BORDEAUX,PU,404,96
LYCEE LA SAUQUE,BORDEAUX,PR,136,96
LYCEE RENE CASSIN,BORDEAUX,PU,393,96
LYCEE ST LOUIS VILLA PIA,BORDEAUX,PR,226,96
LYCEE CHARLES DE GAULLE,CAEN,PU,240,96
LYCEE VICTOR HUGO,CAEN,PU,268,96
LYCEE THOMAS HELYE,CAEN,PR,151,96
LYCEE BLAISE PASCAL,CLERMONT-FERRAND,PU,290,96
LYCEE JEANNE D'ARC,CLERMONT-FERRAND,PU,379,96
LYCEE MAURICE RONDEAU,CRETEIL,PR,91,96
LYCEE GUY GASNIER-SAINTE BATHILDE,CRETEIL,PR,77,96
LYCEE JEANNE D'ARC SAINT ASPAIS,CRETEIL,PR,101,96
LYCEE SAINTE CELINE,CRETEIL,PR,73,96
LYCEE BOSSUET,CRETEIL,PR,251,96
LYCEE OZAR HATORAH FILLES,CRETEIL,PR,41,96
LYCEE EDOUARD BRANLY,CRETEIL,PU,277,96
LYCEE HECTOR BERLIOZ,CRETEIL,PU,338,96
LYCEE STEPHEN LIEGEARD,DIJON,PU,170,96
LYCEE NOTRE DAME,DIJON,PR,130,96
LYCEE SAINT JOSEPH,DIJON,PR,182,96
LYCEE PONTUS DE TYARD,DIJON,PU,251,96
LYCEE JULIEN WITTMER (GENERAL ET TECHNO.),DIJON,PU,219,96
LYCEE PRESENTATION DE MARIE,GRENOBLE,PR,70,96
LYCEE PIERRE TERMIER,GRENOBLE,PR,259,96
LYCEE SAINTE CECILE,GRENOBLE,PR,57,96
LYCEE VAUGELAS,GRENOBLE,PU,331,96
LYCEE CATHOLIQUE LA SALLE ST CHARLES (GENERAL ET TECHNO.),LA REUNION,PR,232,96
LYCEE SAINT JEAN,LILLE,PR,164,96
LYCEE NOTRE-DAME DES DUNES,LILLE,PR,230,96
LYCEE PRIVE DE GENECH,LILLE,PR,193,96
LYCEE SAINT JACQUES,LILLE,PR,223,96
LYCEE NOTRE-DAME,LILLE,PR,197,96
LYCEE ROBESPIERRE,LILLE,PU,275,96
LYCEE SAINT VAAST-SAINT DOMINIQUE,LILLE,PR,194,96
LYCEE NAZARETH HAFFREINGUE,LILLE,PR,225,96
LYCEE SAINT PIERRE,LYON,PR,143,96
LYCEE BLAISE PASCAL,LYON,PU,370,96
LYCEE PIERRE TERMIER,LYON,PR,95,96
LYCEE ANTOINE DE SAINT-EXUPERY,LYON,PU,385,96
LYCEE SAINT JUST,LYON,PU,504,96
LYCEE EDOUARD HERRIOT,LYON,PU,290,96
CITE SCOLAIRE INTERNATIONALE,LYON,PU,256,96
LYCEE RENE DESCARTES,LYON,PU,394,96
LYCEE CHAMPAGNAT,LYON,PR,163,96
SEMINAIRE COLLEGE STE MARIE,MARTINIQUE,PR,44,96
LYCEE NEVERS (GENERAL ET TECHNO.),MONTPELLIER,PR,247,96
LYCEE JOFFRE,MONTPELLIER,PU,498,96
LYCEE SAINT-JOSEPH (GENERAL ET TECHNO.),MONTPELLIER,PR,93,96
LYCEE HENRI POINCARE,NANCY-METZ,PU,405,96
LYCEE JEAN XXIII,NANCY-METZ,PR,147,96
LYCEE SAINT ANTOINE,NANCY-METZ,PR,76,96
LYCEE ST JOSEPH,NANTES,PR,164,96
LYCEE LA HERDRIE,NANTES,PU,287,96
LYCEE CHARLES PEGUY,NANTES,PR,174,96
LYCEE ST JOSEPH,NANTES,PR,121,96
LYCEE ST STANISLAS,NANTES,PR,121,96
LYCEE NICOLAS APPERT,NANTES,PU,296,96
LYCEE NOTRE DAME (GENERAL ET TECHNO.),NANTES,PR,255,96
LYCEE ST DOMINIQUE,NANTES,PR,164,96
LYCEE AUGUSTE ET JEAN RENOIR,NANTES,PU,186,96
LYCEE URBAIN MONGAZON,NANTES,PR,274,96
LYCEE ND DE BONNES NOUVELLES,NANTES,PR,159,96
LYCEE ND D'ORVEAU,NANTES,PR,59,96
LYCEE ST LOUIS,NANTES,PR,144,96
LYCEE NOTRE DAME (GENERAL ET TECHNO.),NANTES,PR,262,96
LYCEE ST JOSEPH,NANTES,PR,293,96
LYCEE HENRI MATISSE,NICE,PU,328,96
LYCEE MAINTENON (GENERAL ET TECHNO.),NICE,PR,141,96
LYCEE MARCEAU,ORLEANS-TOURS,PU,390,96
LYCEE NOTRE DAME,ORLEANS-TOURS,PR,194,96
LYCEE GRAND ST GREGOIRE,ORLEANS-TOURS,PR,113,96
LYCEE STE URSULE,ORLEANS-TOURS,PR,170,96
LYCEE HOTEL.ET TOURISME VAL DE LOIRE,ORLEANS-TOURS,PU,54,96
LYCEE VICTOR HUGO,PARIS,PU,128,96
LYCEE LOUISE DE MARILLAC,PARIS,PR,105,96
LYCEE SAINTE-GENEVIEVE,PARIS,PR,119,96
LYCEE SAINT-THOMAS D'AQUIN,PARIS,PR,99,96
LYCEE BUFFON,PARIS,PU,327,96
LYCEE SAINTE-ELISABETH,PARIS,PR,79,96
LYCEE PASCAL,PARIS,PR,66,96
LYCEE CARNOT,PARIS,PU,296,96
LYCEE SAINT-MICHEL DES BATIGNOLLES,PARIS,PR,116,96
LYCEE GEORGES BRASSENS,PARIS,PU,94,96
LYCEE LUCIEN DE HIRSCH,PARIS,PR,45,96
LYCEE CAMILLE GUERIN,POITIERS,PU,231,96
LYCEE STE ANNE,RENNES,PR,207,96
LYCEE ESTRAN CHARLES DE FOUCAULD,RENNES,PR,246,96
LYCEE ST LOUIS,RENNES,PR,99,96
LYCEE AUGUSTE BRIZEUX,RENNES,PU,224,96
LYCEE SEVIGNE,RENNES,PU,364,96
LYCEE ASSOMPTION,RENNES,PR,314,96
LYCEE ST MARTIN,RENNES,PR,368,96
LYCEE ST VINCENT-PROVIDENCE (GENERAL ET TECHNO.),RENNES,PR,214,96
LYCEE LA MENNAIS,RENNES,PR,261,96
LYCEE ST PAUL,RENNES,PR,496,96
LYCEE SAINT-JOSEPH,ROUEN,PR,277,96
INSTITUTION STE PHILOMENE,STRASBOURG,PR,98,96
INSTITUTION NOTRE DAME,STRASBOURG,PR,110,96
LYCEE FUSTEL DE COULANGES,STRASBOURG,PU,234,96
LYCEE DON BOSCO,STRASBOURG,PR,101,96
LYCEE SAINT-JOSEPH,TOULOUSE,PR,62,96
LYCEE SAINT-SERNIN,TOULOUSE,PU,430,96
LYCEE SAINTE-MARIE DES CHAMPS,TOULOUSE,PR,258,96
LYCEE BARRAL,TOULOUSE,PR,112,96
LYCEE JEANNE D ARC,VERSAILLES,PR,63,96
LYCEE NOTRE DAME DE SION (GENERAL ET TECHNO.),VERSAILLES,PR,175,96
LYCEE SACRE COEUR,VERSAILLES,PR,162,96
LYCEE JEAN-PIERRE VERNANT,VERSAILLES,PU,464,96
LYCEE ALEXANDRE DUMAS,VERSAILLES,PU,478,96
LYCEE NOTRE DAME DE LA PROVIDENCE,VERSAILLES,PR,151,96
LYCEE LES PIERRES VIVES (GENERAL ET TECHNO.),VERSAILLES,PU,349,96
LYCEE L ERMITAGE,VERSAILLES,PR,66,96
LYCEE NOTRE DAME,VERSAILLES,PR,165,96
LYCEE ST THOMAS DE VILLENEUVE,VERSAILLES,PR,118,96
LYCEE GEORGES DUBY,AIX-MARSEILLE,PU,489,95
LYCEE AMI,AIX-MARSEILLE,PR,49,95
LYCEE ST JOSEPH LES MARISTES,AIX-MARSEILLE,PR,107,95
LYCEE YAVNE,AIX-MARSEILLE,PR,51,95
LYCEE ST JOSEPH DE LA MADELEINE,AIX-MARSEILLE,PR,122,95
LYCEE IMMACULEE CONCEPTION,AIX-MARSEILLE,PR,54,95
LYCEE LA PROVIDENCE,AMIENS,PR,244,95
LYCEE CLAUDE NICOLAS LEDOUX (GENERAL ET TECHNO.),BESANCON,PU,287,95
LYCEE LOUIS PASTEUR,BESANCON,PU,323,95
LYCEE CHARLES NODIER,BESANCON,PU,255,95
LYCEE JAY DE BEAUFORT,BORDEAUX,PU,291,95
LYCEE ST ELME,BORDEAUX,PR,58,95
LYCEE BIOLOGIE ET CHIMIE ST LOUIS,BORDEAUX,PU,95,95
LYCEE GUSTAVE EIFFEL (GENERAL ET TECHNO.),BORDEAUX,PU,450,95
LYCEE SUD MEDOC LA BOETIE,BORDEAUX,PU,409,95
LYCEE PAPE CLEMENT,BORDEAUX,PU,415,95
LYCEE LOUIS BARTHOU,BORDEAUX,PU,425,95
LYCEE DE NAVARRE (GENERAL ET TECHNO.),BORDEAUX,PU,81,95
LYCEE MALHERBE,CAEN,PU,388,95
LYCEE FRANCOIS RABELAIS,CAEN,PU,25,95
LYCEE MARIE-JOSEPH,CAEN,PR,86,95
LYCEE VICTOR GRIGNARD,CAEN,PU,234,95
LYCEE MAURICE MARLAND,CAEN,PU,26,95
LYCEE SEVIGNE,CAEN,PR,143,95
LYCEE EMILE DUCLAUX,CLERMONT-FERRAND,PU,245,95
LYCEE LA PRESENTATION NOTRE DAME,CLERMONT-FERRAND,PR,20,95
LYCEE PIERRE JOEL BONTE (GENERAL ET TECHNO.),CLERMONT-FERRAND,PU,36,95
LYCEE SAINTE MARIE,CLERMONT-FERRAND,PR,45,95
LYCEE SAINTE CROIX,CRETEIL,PR,75,95
LYCEE MERKAZ HATORAH GARCONS,CRETEIL,PR,22,95
LYCEE HENRI MATISSE,CRETEIL,PR,63,95
LYCEE FREDERIC MISTRAL (GENERAL ET TECHNO.),CRETEIL,PU,342,95
LYCEE DU SAINT COEUR,DIJON,PR,61,95
LYCEE SAINT CYR,DIJON,PR,102,95
LYCEE BONAPARTE,DIJON,PU,141,95
LYCEE LA PRAT'S,DIJON,PU,101,95
LYCEE JACQUES AMYOT,DIJON,PU,296,95
LYCEE SAINT VICTOR,GRENOBLE,PR,94,95
LYCEE STENDHAL,GRENOBLE,PU,151,95
LYCEE ITEC BOISFLEURY EUROPE,GRENOBLE,PR,244,95
LYCEE SAINT MARC (GENERAL ET TECHNO.),GRENOBLE,PR,354,95
LYCEE ROBIN,GRENOBLE,PR,222,95
LYCEE MARIE REYNOARD,GRENOBLE,PU,247,95
LYCEE SAINT AMBROISE,GRENOBLE,PR,261,95
EXTERNAT SAINT JOSEPH,GUYANE,PR,119,95
LYCEE LECONTE DE LISLE,LA REUNION,PU,346,95
LYCEE ALBERT CHATELET,LILLE,PU,256,95
LYCEE SAINTE ODILE,LILLE,PR,103,95
LYCEE SAINT MICHEL,LILLE,PR,103,95
LYCEE NOTRE-DAME DES ANGES,LILLE,PR,124,95
LYCEE BAUDIMONT SAINT-CHARLES,LILLE,PR,342,95
LYCEE SAINT PIERRE,LILLE,PR,148,95
LYCEE NOTRE-DAME DE SION,LILLE,PR,117,95
LYCEE JEANNE D'ARC,LYON,PR,101,95
LYCEE INTERNATIONAL,LYON,PU,432,95
LYCEE CLAUDE FAURIEL,LYON,PU,295,95
LYCEE LA XAVIERE,LYON,PR,98,95
LYCEE LA FAVORITE SAINTE THERESE,LYON,PR,160,95
LYCEE ROSA PARKS,LYON,PU,200,95
LYCEE ASSOMPTION BELLEVUE,LYON,PR,179,95
LYCEE IMMACULEE CONCEPTION,LYON,PR,125,95
LYCEE ALPHONSE DAUDET,MONTPELLIER,PU,434,95
LYCEE THEOPHILE ROUSSEL (GENERAL ET TECHNO.),MONTPELLIER,PU,56,95
NOTRE DAME DE BON SECOURS,MONTPELLIER,PR,399,95
LYCEE STANISLAS (GENERAL ET TECHNO.),NANCY-METZ,PU,265,95
LYCEE NOTRE DAME DE LA PROVIDENCE,NANCY-METZ,PR,207,95
LYCEE NOTRE DAME - SAINT JOSEPH,NANCY-METZ,PR,95,95
LYCEE LA HAIE GRISELLE,NANCY-METZ,PU,129,95
LYCEE ALCIDE D'ORBIGNY,NANTES,PU,192,95
LYCEE ST JOSEPH,NANTES,PR,113,95
LYCEE LA MENNAIS,NANTES,PR,140,95
LYCEE GRAND AIR,NANTES,PU,158,95
LYCEE CENS,NANTES,PR,38,95
LYCEE ND D'ESPERANCE,NANTES,PR,217,95
LYCEE ST LOUIS,NANTES,PR,75,95
LYCEE SACRE COEUR,NANTES,PR,328,95
LYCEE SAINTE MARIE,NANTES,PR,279,95
LYCEE ST JOSEPH,NANTES,PR,87,95
LYCEE CHAMP BLANC,NANTES,PR,145,95
LYCEE IMMACULEE CONCEPTION,NANTES,PR,207,95
LYCEE D'AVESNIERES,NANTES,PR,201,95
LYCEE DOUANIER ROUSSEAU,NANTES,PU,233,95
LYCEE LAVOISIER,NANTES,PU,194,95
LYCEE ST PAUL-NOTRE DAME,NANTES,PR,46,95
LYCEE ND DU ROC,NANTES,PR,271,95
LYCEE JEAN XXIII,NANTES,PR,173,95
LYCEE STE MARIE DU PORT (GENERAL ET TECHNO.),NANTES,PR,226,95
LYCEE JEANNE D'ARC,NANTES,PR,115,95
LYCEE MONT SAINT JEAN,NICE,PR,79,95
LYCEE FENELON,NICE,PR,137,95
LYCEE ALBERT CALMETTE,NICE,PU,413,95
LYCEE HOTELIER TOURISME-PAUL AUGIER,NICE,PU,54,95
LYCEE STANISLAS,NICE,PR,50,95
LYCEE MARGUERITE DE NAVARRE,ORLEANS-TOURS,PU,370,95
LYCEE CHARLES PEGUY,ORLEANS-TOURS,PU,388,95
LYCEE STE CROIX ST EUVERTE,ORLEANS-TOURS,PR,286,95
LYCEE SOPHIE GERMAIN,PARIS,PU,230,95
LYCEE ALBERT DE MUN (GENERAL ET TECHNO.),PARIS,PR,123,95
LYCEE RACINE,PARIS,PU,359,95
LYCEE EDGAR POE,PARIS,PR,103,95
EC TECHNIQUE SUP LABORATOIRE,PARIS,PR,49,95
LYCEE LE REBOURS,PARIS,PR,140,95
LYCEE YABNE,PARIS,PR,134,95
LYCEE AUGUSTE RENOIR,PARIS,PU,56,95
LYCEE JEAN DAUTET,POITIERS,PU,431,95
LYCEE SAINT LOUIS,POITIERS,PR,86,95
LYCEE SAINT JOSEPH (GENERAL ET TECHNO.),POITIERS,PR,100,95
LYCEE JEAN MACE,POITIERS,PU,346,95
LYCEE SAINT CHARLES,POITIERS,PR,70,95
LYCEE PILOTE INNOVANT INTERNATIONAL,POITIERS,PU,146,95
LYCEE ST FRANCOIS DE SALES,REIMS,PR,122,95
LYCEE MARC CHAGALL,REIMS,PU,307,95
LYCEE ERNEST RENAN,RENNES,PU,268,95
LYCEE DE L'IROISE,RENNES,PU,168,95
LYCEE ANITA CONTI,RENNES,PU,263,95
LYCEE VICTOR ET HELENE BASCH,RENNES,PU,358,95
LYCEE JEAN PAUL II (GENERAL ET TECHNO.),RENNES,PR,103,95
INSTITUTION ST MALO-PROVIDENCE,RENNES,PR,253,95
LYCEE STE ANNE-ST LOUIS (GENERAL ET TECHNO.),RENNES,PR,164,95
LYCEE CAMILLE SAINT-SAENS,ROUEN,PU,249,95
LYCEE JEAN XXIII,ROUEN,PR,125,95
LYCEE MARGUERITE YOURCENAR (GENERAL ET TECHNO.),STRASBOURG,PU,266,95
LYCEE KLEBER,STRASBOURG,PU,349,95
LYCEE JEANNE D ARC,STRASBOURG,PR,139,95
LYCEE RIBEAUPIERRE,STRASBOURG,PU,193,95
LYCEE FERDINAND FOCH,TOULOUSE,PU,252,95
LYCEE FRANCOIS D'ESTAING,TOULOUSE,PR,239,95
LYCEE D'ARTAGNAN (GENERAL ET TECHNO.),TOULOUSE,PU,82,95
LYCEE INTERNATIONAL VICTOR HUGO,TOULOUSE,PU,528,95
LYCEE JEAN-PIERRE VERNANT,TOULOUSE,PU,208,95
LYCEE BELLEVUE (GENERAL ET TECHNO.),TOULOUSE,PU,460,95
LYCEE HOTELLERIE ET TOURISME,TOULOUSE,PU,92,95
LYCEE SAINT PIERRE,VERSAILLES,PR,278,95
LYCEE JULES VERNE,VERSAILLES,PU,212,95
LYCEE CAMILLE CLAUDEL,VERSAILLES,PU,250,95
LYCEE DESCARTES,VERSAILLES,PU,329,95
LYCEE SOPHIE BARAT,VERSAILLES,PR,225,95
LYCEE JACQUES MONOD,VERSAILLES,PU,426,95
LYCEE MONTALEMBERT,VERSAILLES,PR,258,95
LYCEE LA SALLE - SAINT ROSAIRE,VERSAILLES,PR,176,95
LYCEE O R T (GENERAL ET TECHNO.),VERSAILLES,PR,69,95
LYCEE JEAN MONNET,VERSAILLES,PU,363,95
LYCEE ALAIN,VERSAILLES,PU,365,95
LYCEE DESCARTES,VERSAILLES,PU,252,95
LYCEE PAUL CEZANNE,AIX-MARSEILLE,PU,479,94
LYCEE SACRE COEUR (LE),AIX-MARSEILLE,PR,298,94
LYCEE SAINT JEAN DE GARGUIER,AIX-MARSEILLE,PR,69,94
LYCEE ST LOUIS - STE MARIE,AIX-MARSEILLE,PR,179,94
LYCEE L'OLIVIER - ROBERT COFFY,AIX-MARSEILLE,PR,115,94
LYCEE ST JOSEPH,AIX-MARSEILLE,PR,260,94
LYCEE SAINT PIERRE,AMIENS,PR,65,94
LYCEE JEAN MICHEL,BESANCON,PU,320,94
LYCEE GRAND AIR,BORDEAUX,PU,350,94
LYCEE BERNARD PALISSY,BORDEAUX,PU,446,94
LYCEE BERNAT  ETXEPARE,BORDEAUX,PR,73,94
LYCEE EXPERIMENTAL A.MALRAUX,BORDEAUX,PU,168,94
LYCEE JACQUES MONOD,BORDEAUX,PU,258,94
LYCEE JULES SUPERVIELLE,BORDEAUX,PU,171,94
LYCEE SAINT-JOHN PERSE,BORDEAUX,PU,293,94
LYCEE ST THOMAS D AQUIN,BORDEAUX,PR,125,94
LYCEE COMMERCE VENTE-SANTÉ SOCIAL,BORDEAUX,PR,53,94
LYCEE SAINTE MARIE,CAEN,PR,174,94
LYCEE JEANNE D'ARC,CAEN,PR,172,94
LYCEE JEAN FRANCOIS MILLET,CAEN,PU,340,94
LYCEE JEAN PAUL II,CAEN,PR,64,94
LYCEE LE VERRIER,CAEN,PU,259,94
LYCEE ST FRANCOIS DE SALES (GENERAL ET TECHNO.),CAEN,PR,100,94
LYCEE SAINT THOMAS D'AQUIN (GENERAL ET TECHNO.),CAEN,PR,130,94
LYCEE DE HAUTE AUVERGNE (GENERAL ET TECHNO.),CLERMONT-FERRAND,PU,116,94
LYCEE ST-JACQUES DE COMPOSTELLE,CLERMONT-FERRAND,PR,110,94
LYCEE SAINT ALYRE,CLERMONT-FERRAND,PR,184,94
LYCEE SONIA DELAUNAY (GENERAL ET TECHNO.),CRETEIL,PU,200,94
LYCEE ASSOMPTION (GENERAL ET TECHNO.),CRETEIL,PR,53,94
LYCEE SAINT LOUIS-SAINTE CLOTILDE,CRETEIL,PR,113,94
LYCEE FRANCOISE CABRINI,CRETEIL,PR,228,94
LYCEE JEAN-BAPTISTE DE LA SALLE,CRETEIL,PR,198,94
LYCEE MONTCHAPET,DIJON,PU,321,94
LYCEE ALAIN COLAS,DIJON,PU,210,94
LYCEE FREDERIC OZANAM (GENERAL ET TECHNO.),DIJON,PR,87,94
LYCEE RENE CASSIN,DIJON,PU,252,94
LYCEE JEANNE D'ARC,DIJON,PR,76,94
LYCEE LE CHEYLARD (GENERAL ET TECHNO.),GRENOBLE,PU,122,94
LYCEE NOTRE DAME,GRENOBLE,PR,161,94
LYCEE ANNA DE NOAILLES (GENERAL ET TECHNO.),GRENOBLE,PU,197,94
LYCEE SAINT JOSEPH,GRENOBLE,PR,143,94
LYCEE MARIE CURIE,GRENOBLE,PU,413,94
LYCEE EAUX CLAIRES,GRENOBLE,PU,236,94
LYCEE LESDIGUIERES,GRENOBLE,PU,48,94
LYCEE PIERRE DU TERRAIL,GRENOBLE,PU,259,94
LYCEE ET SPORTIF JEAN PREVOST,GRENOBLE,PU,99,94
LYCEE EDOUARD HERRIOT (GENERAL ET TECHNO.),GRENOBLE,PU,378,94
LYCEE NOTRE DAME DES VICTOIRES,GRENOBLE,PR,141,94
LYCEE MARLIOZ (GENERAL ET TECHNO.),GRENOBLE,PU,291,94
LYCEE DU GRANIER,GRENOBLE,PU,396,94
LYCEE LOUIS PAYEN,LA REUNION,PU,214,94
LYCEE ST JEAN-BAPTISTE DE LA SALLE,LILLE,PR,125,94
LYCEE NOTRE-DAME DE LA PROVIDENCE,LILLE,PR,34,94
LYCEE D ARSONVAL,LIMOGES,PU,329,94
LYCEE BOSSUET,LIMOGES,PR,101,94
LYCEE GAY LUSSAC,LIMOGES,PU,342,94
LYCEE LEONARD LIMOSIN,LIMOGES,PU,249,94
LYCEE ST JEAN,LIMOGES,PR,160,94
LYCEE DU VAL DE SAONE,LYON,PU,331,94
LYCEE FRANCOIS MAURIAC-FOREZ,LYON,PU,379,94
LYCEE L'ASTREE,LYON,PU,78,94
LYCEE JACOB HOLTZER,LYON,PU,105,94
LYCEE CARNOT,LYON,PU,206,94
EXTERNAT SAINT MICHEL,LYON,PR,128,94
LYCEE ND DE VALBENOITE LE ROND POINT,LYON,PR,33,94
LYCEE CHEVREUL LESTONNAC,LYON,PR,91,94
LYCEE AMPERE,LYON,PU,404,94
LYCEE LA MARTINIERE MONPLAISIR,LYON,PU,280,94
LYCEE BELLEVUE,MONTPELLIER,PR,140,94
LYCEE LA TRINITE,MONTPELLIER,PR,135,94
LYCEE GEORGES POMPIDOU (GENERAL ET TECHNO.),MONTPELLIER,PU,365,94
LYCEE SAINT-JOSEPH,MONTPELLIER,PR,76,94
LYCEE TEYSSIER,NANCY-METZ,PU,173,94
LYCEE DE LA SALLE,NANCY-METZ,PR,80,94
LYCEE BEAU JARDIN,NANCY-METZ,PR,96,94
LYCEE GASPARD MONGE - LA CHAUVINIERE (GENERAL ET TECHNO.),NANTES,PU,208,94
LYCEE TALENSAC - JEANNE BERNARD (GENERAL ET TECHNO.),NANTES,PR,230,94
LYCEE PAYS DE RETZ,NANTES,PU,213,94
LYCEE GABRIEL DESHAYES,NANTES,PR,86,94
LYCEE HOTELIER STE ANNE,NANTES,PR,95,94
LYCEE LA BAUGERIE,NANTES,PR,99,94
LYCEE ST PIERRE LA JOLIVERIE,NANTES,PR,119,94
LYCEE HENRI BERGSON,NANTES,PU,219,94
LYCEE JOACHIM DU BELLAY,NANTES,PU,305,94
LYCEE BOURG CHEVREAU (GENERAL ET TECHNO.),NANTES,PR,167,94
LYCEE ST MICHEL,NANTES,PR,99,94
LYCEE NOTRE DAME,NANTES,PR,289,94
LYCEE BELLEVUE,NANTES,PU,335,94
LYCEE MARGUERITE YOURCENAR,NANTES,PU,353,94
LYCEE STE MARIE (GENERAL ET TECHNO.),NANTES,PR,126,94
LYCEE NOTRE DAME,NANTES,PR,169,94
LYCEE JEAN MONNET (GENERAL ET TECHNO.),NANTES,PU,116,94
LYCEE LEONARD DE VINCI (GENERAL ET TECHNO.),NANTES,PU,291,94
LYCEE ND DE LA TOURTELIERE,NANTES,PR,108,94
LYCEE AUGUSTE RENOIR,NICE,PU,463,94
LYCEE MASSENA,NICE,PU,298,94
LYCEE COSTEBELLE (GENERAL ET TECHNO.),NICE,PU,380,94
LYCEE SAINTE MARIE,NICE,PR,101,94
LYCEE NOTRE DAME,NICE,PR,112,94
LYCEE STE MARIE ST DOMINIQUE,ORLEANS-TOURS,PR,147,94
LYCEE EMILE ZOLA,ORLEANS-TOURS,PU,228,94
LYCEE GEORGE SAND (GENERAL ET TECHNO.),ORLEANS-TOURS,PU,89,94
LYCEE BALZAC,ORLEANS-TOURS,PU,364,94
LYCEE GRANDMONT,ORLEANS-TOURS,PU,612,94
LYCEE MARMOUTIER,ORLEANS-TOURS,PR,101,94
LYCEE SAINT MEDARD INST N-D LA RICHE,ORLEANS-TOURS,PR,151,94
LYCEE RONSARD (GENERAL ET TECHNO.),ORLEANS-TOURS,PU,300,94
LYCEE MAURICE GENEVOIX (GENERAL ET TECHNO.),ORLEANS-TOURS,PU,300,94
LYCEE JEAN ZAY (GENERAL ET TECHNO.),ORLEANS-TOURS,PU,323,94
LYCEE MONTAIGNE,PARIS,PU,345,94
LYCEE E. NAPOLEON ST PIERRE FOURIER,PARIS,PR,140,94
LYCEE MAURICE GENEVOIX,POITIERS,PU,278,94
LYCEE JOSEPH DESFONTAINES,POITIERS,PU,191,94
LYCEE SAINT ANDRE (GENERAL ET TECHNO.),POITIERS,PR,148,94
LYCEE VICTOR HUGO,POITIERS,PU,387,94
LYCEE CHANZY,REIMS,PU,204,94
LYCEE PIERRE BAYEN,REIMS,PU,270,94
LYCEE CORDELIERS-N-D DE LA VICTOIRE,RENNES,PR,164,94
LYCEE HENRI AVRIL,RENNES,PU,209,94
LYCEE ST JOSEPH,RENNES,PR,155,94
LYCEE LE LIKES,RENNES,PR,387,94
LYCEE JEAN-BAPTISTE LE TAILLANDIER,RENNES,PR,251,94
LYCEE ST SAUVEUR,RENNES,PR,248,94
LYCEE JEANNE D'ARC,RENNES,PR,146,94
LYCEE NOTRE DAME DU VOEU,RENNES,PR,160,94
LYCEE JEANNE D'ARC-ST IVY,RENNES,PR,219,94
LYCEE LA PROVIDENCE,ROUEN,PR,136,94
LYCEE JEAN PREVOST,ROUEN,PU,344,94
LYCEE GUSTAVE FLAUBERT,ROUEN,PU,391,94
LYCEE HENRI MECK,STRASBOURG,PU,365,94
SEMINAIRE DE  JEUNES,STRASBOURG,PR,70,94
LYCEE BARTHOLDI,STRASBOURG,PU,269,94
LYCEE FREDERIC KIRSCHLEGER,STRASBOURG,PU,115,94
ORATOIRE SAINTE-MARIE,TOULOUSE,PR,112,94
LYCEE BOSSUET,TOULOUSE,PU,161,94
LYCEE HENRI MATISSE,TOULOUSE,PU,322,94
LYCEE CLÉMENCE ROYER,TOULOUSE,PU,183,94
LYCEE PIERRE BOURDIEU,TOULOUSE,PU,222,94
OHR TORAH - LEDER INSTITUT,TOULOUSE,PR,20,94
LYCEE VICTOR DURUY (GENERAL ET TECHNO.),TOULOUSE,PU,96,94
LYCEE THEOPHILE GAUTIER,TOULOUSE,PU,303,94
LYCEE BELLEVUE,TOULOUSE,PU,269,94
LYCEE LAS CASES,TOULOUSE,PU,227,94
LYCEE PIERRE MARIE THEAS,TOULOUSE,PR,175,94
LYCEE SAINT CHARLES,VERSAILLES,PR,229,94
LYCEE SAINT LEON (GENERAL ET TECHNO.),VERSAILLES,PR,153,94
LYCEE ILE DE FRANCE,VERSAILLES,PR,48,94
LYCEE RABELAIS,VERSAILLES,PU,253,94
LYCEE PAUL LANGEVIN,VERSAILLES,PU,332,94
LYCEE NOTRE-DAME,VERSAILLES,PR,161,94
LYCEE CHARLES DE GAULLE,VERSAILLES,PU,297,94
LYCEE LES CHATAIGNIERS,VERSAILLES,PR,49,94
LYCEE SONIA DELAUNAY (GENERAL ET TECHNO.),VERSAILLES,PU,220,94
LYCEE THIERS,AIX-MARSEILLE,PU,286,93
LYCEE MARSEILLEVEYRE,AIX-MARSEILLE,PU,263,93
LYCEE SAINT JOSEPH,AMIENS,PR,30,93
LYCEE NOTRE DAME DE LA TILLOYE,AMIENS,PR,120,93
LYCEE PIERRE D AILLY,AMIENS,PU,372,93
LYCEE MONTALEMBERT,AMIENS,PR,132,93
LYCEE LES AUGUSTINS,BESANCON,PR,77,93
LYCEE HYACINTHE FRIANT,BESANCON,PU,166,93
LYCEE GUSTAVE COURBET,BESANCON,PU,274,93
LYCEE SAINTE-MARIE,BESANCON,PR,160,93
LYCEE MAINE DE BIRAN,BORDEAUX,PU,380,93
LYCEE ST JOSEPH,BORDEAUX,PR,95,93
LYCEE L ASSOMPTION,BORDEAUX,PR,250,93
LYCEE MICHEL MONTAIGNE,BORDEAUX,PU,280,93
LYCEE STE MARIE BASTIDE,BORDEAUX,PR,246,93
LYCEE FERNAND DAGUIN,BORDEAUX,PU,441,93
LYCEE VICTOR LOUIS (GENERAL ET TECHNO.),BORDEAUX,PU,428,93
LYCEE DE BORDA (GENERAL ET TECHNO.),BORDEAUX,PU,582,93
LYCEE CHARLES DESPIAU,BORDEAUX,PU,367,93
LYCEE SAINT-EXUPERY,BORDEAUX,PU,137,93
LYCEE JEAN CASSAIGNE,BORDEAUX,PR,60,93
LYCEE STE ANNE,BORDEAUX,PR,93,93
LYCEE HOTELLERIE BIARRITZ ATLANTIQUE,BORDEAUX,PU,49,93
LYCEE DU PAYS DE SOULE,BORDEAUX,PU,115,93
LYCEE PAUL REY,BORDEAUX,PU,139,93
LYCEE GASTON FEBUS,BORDEAUX,PU,174,93
LYCEE MARCEL GAMBIER,CAEN,PU,221,93
LYCEE MARIE CURIE,CAEN,PU,281,93
LYCEE EMILE LITTRE (GENERAL ET TECHNO.),CAEN,PU,286,93
LYCEE CHARLES FRANCOIS LEBRUN,CAEN,PU,244,93
LYCEE ALAIN,CAEN,PU,233,93
LYCEE BIGNON,CAEN,PR,48,93
LYCEE JEAN MONNET (GENERAL ET TECHNO.),CAEN,PU,116,93
LYCEE THEODORE DE BANVILLE,CLERMONT-FERRAND,PU,274,93
LYCEE SAINT JULIEN (GENERAL ET TECHNO.),CLERMONT-FERRAND,PR,47,93
LYCEE LEONARD DE VINCI,CLERMONT-FERRAND,PU,283,93
LYCEE,CLERMONT-FERRAND,PU,179,93
LYCEE FESCH,CORSE,PU,188,93
PENSIONNAT JEANNE D ARC,CORSE,PR,84,93
LYCEE MARTIN LUTHER KING,CRETEIL,PU,355,93
LYCEE GALILEE,CRETEIL,PU,170,93
LYCEE DU GUE A TRESMES,CRETEIL,PU,61,93
LYCEE FREDERIC JOLIOT CURIE,CRETEIL,PU,261,93
LYCEE EMILIE DU CHATELET (GENERAL ET TECHNO.),CRETEIL,PU,143,93
LYCEE ANDRE BOULLOCHE,CRETEIL,PU,320,93
LYCEE FENELON,CRETEIL,PR,101,93
LYCEE CONDORCET (GENERAL ET TECHNO.),CRETEIL,PU,173,93
LYCEE GREGOR MENDEL,CRETEIL,PR,130,93
LYCEE GUSTAVE EIFFEL,DIJON,PU,275,93
LYCEE JULES RENARD,DIJON,PU,196,93
LYCEE HENRI VINCENOT (GENERAL ET TECHNO.),DIJON,PU,125,93
LYCEE JEANNE D'ARC (GENERAL ET TECHNO.),DIJON,PR,32,93
LYCEE DU DIOIS,GRENOBLE,PU,86,93
LYCEE SAINT MAURICE,GRENOBLE,PR,76,93
LYCEE CAMILLE VERNET,GRENOBLE,PU,237,93
LYCEE EMILE LOUBET,GRENOBLE,PU,221,93
LYCEE CHARLES BAUDELAIRE,GRENOBLE,PU,487,93
LYCEE ROGER FRISON ROCHE (GENERAL ET TECHNO.),GRENOBLE,PU,49,93
LYCEE SAINT JOSEPH,GRENOBLE,PR,78,93
LYCEE LA VERSOIE,GRENOBLE,PU,464,93
LYCEE SAVOIE LEMAN,GRENOBLE,PU,85,93
LYCEE SAINT FRANCOIS,GRENOBLE,PR,118,93
EXTERNAT NOTRE DAME,GRENOBLE,PR,56,93
LYCEE DE LA MATHEYSINE (GENERAL ET TECHNO.),GRENOBLE,PU,98,93
LYCEE ARISTIDES BERGES,GRENOBLE,PU,305,93
LYCEE SAINT CHARLES,GRENOBLE,PR,163,93
LYCEE PORTES DE L'OISANS,GRENOBLE,PU,242,93
LYCEE FERDINAND BUISSON (GENERAL ET TECHNO.),GRENOBLE,PU,138,93
LYCEE RENE PERRIN,GRENOBLE,PU,97,93
LYCEE PIERRE LAGOURGUE (GENERAL ET TECHNO.),LA REUNION,PU,168,93
LYCEE EVARISTE DE PARNY,LA REUNION,PU,429,93
LYCEE SAINT LUC,LILLE,PR,200,93
LYCEE JEAN PERRIN,LILLE,PU,254,93
LYCEE FREDERIC OZANAM,LILLE,PR,178,93
LYCEE NOTRE-DAME DE LA PAIX,LILLE,PR,168,93
LYCEE YVES KERNANEC,LILLE,PU,208,93
LYCEE HENRI WALLON,LILLE,PU,254,93
LYCEE WATTEAU,LILLE,PU,271,93
LYCEE HOTELIER,LILLE,PU,60,93
LYCEE SAINT DENIS,LILLE,PR,99,93
LYCEE ALBERT CHATELET,LILLE,PU,259,93
LYCEE EDMOND PERRIER,LIMOGES,PU,304,93
LYCEE PIERRE BOURDAN,LIMOGES,PU,223,93
LYCEE RAYMOND LOEWY,LIMOGES,PU,103,93
LYCEE JEAN GIRAUDOUX,LIMOGES,PU,116,93
LYCEE TURGOT,LIMOGES,PU,151,93
LYCEE DE LA PLAINE DE L'AIN,LYON,PU,444,93
LYCEE EDGAR QUINET,LYON,PU,351,93
LYCEE LALANDE,LYON,PU,260,93
LYCEE DE LA COTIERE,LYON,PU,370,93
LYCEE JEREMIE DE LA RUE (GENERAL ET TECHNO.),LYON,PU,75,93
LYCEE DU FOREZ,LYON,PU,274,93
LYCEE BEAUREGARD,LYON,PU,336,93
LYCEE SAINT PAUL,LYON,PR,82,93
LYCEE SAINT LOUIS,LYON,PR,133,93
LYCEE SAINT PAUL,LYON,PR,131,93
LYCEE JEAN-PAUL SARTRE,LYON,PU,424,93
LYCEE LOUIS ARAGON,LYON,PU,313,93
LYCEE LA MARTINIERE DIDEROT,LYON,PU,188,93
LYCEE DON BOSCO,LYON,PR,59,93
LYCEE NOTRE DAME DES MINIMES,LYON,PR,95,93
LYCEE JEAN PERRIN,LYON,PU,213,93
LYCEE LA MARTINIERE  DUCHERE,LYON,PU,424,93
LYCEE GERMAINE TILLION,LYON,PU,198,93
LYCEE JEAN VILAR,MONTPELLIER,PU,326,93
LYCEE CHAPTAL,MONTPELLIER,PU,137,93
LYCEE RAYMOND POINCARE,NANCY-METZ,PU,308,93
LYCEE LOUIS VINCENT,NANCY-METZ,PU,256,93
LYCEE GEORGES DE LA TOUR,NANCY-METZ,PU,453,93
LYCEE CLAUDE GELLEE,NANCY-METZ,PU,280,93
LYCEE LA COLINIERE,NANTES,PU,557,93
LYCEE LES BOURDONNIERES (GENERAL ET TECHNO.),NANTES,PU,426,93
LYCEE LIVET,NANTES,PU,350,93
LYCEE ST FELIX,NANTES,PR,187,93
LYCEE JEAN PERRIN,NANTES,PU,346,93
LYCEE JACQUES PREVERT,NANTES,PU,190,93
LYCEE ST JOSEPH LA JOLIVERIE (GENERAL ET TECHNO.),NANTES,PR,89,93
LYCEE JEAN BODIN,NANTES,PU,183,93
LYCEE DUPLESSIS MORNAY,NANTES,PU,244,93
LYCEE SADI CARNOT - JEAN BERTIN,NANTES,PU,123,93
LYCEE BLAISE PASCAL (GENERAL ET TECHNO.),NANTES,PU,160,93
LYCEE RAOUL VADEPIED (GENERAL ET TECHNO.),NANTES,PU,69,93
LYCEE HAUTE FOLLIS,NANTES,PR,149,93
LYCEE AMBROISE PARE,NANTES,PU,290,93
LYCEE RACAN,NANTES,PU,135,93
LYCEE PERSEIGNE (GENERAL ET TECHNO.),NANTES,PU,70,93
LYCEE ST JOSEPH LA SALLE (GENERAL ET TECHNO.),NANTES,PR,36,93
LYCEE STE ANNE (GENERAL ET TECHNO.),NANTES,PR,43,93
LYCEE PAUL SCARRON,NANTES,PU,67,93
LYCEE FRANCOIS RABELAIS (GENERAL ET TECHNO.),NANTES,PU,156,93
LYCEE ATLANTIQUE (GENERAL ET TECHNO.),NANTES,PU,170,93
LYCEE STE URSULE (GENERAL ET TECHNO.),NANTES,PR,82,93
LYCEE SAINTE MARIE,NICE,PR,73,93
LYCEE SAINT JOSEPH (GENERAL ET TECHNO.),NICE,PR,26,93
LYCEE SASSERNO,NICE,PR,80,93
LYCEE HONORE D'ESTIENNE D'ORVES,NICE,PU,395,93
LYCEE SIMONE VEIL,NICE,PU,278,93
LYCEE ST PIERRE ST PAUL,ORLEANS-TOURS,PR,148,93
LYCEE JEAN GIRAUDOUX,ORLEANS-TOURS,PU,307,93
LYCEE PASTEUR (GENERAL ET TECHNO.),ORLEANS-TOURS,PU,103,93
LYCEE JEAN MONNET,ORLEANS-TOURS,PU,359,93
LYCEE ALFRED DE VIGNY,ORLEANS-TOURS,PU,207,93
LYCEE FRANCOIS VILLON,ORLEANS-TOURS,PU,345,93
LYCEE SAINT FRANCOIS DE SALES (GENERAL ET TECHNO.),ORLEANS-TOURS,PR,66,93
LYCEE JACQUES MONOD,ORLEANS-TOURS,PU,352,93
LYCEE JEAN DROUANT,PARIS,PU,40,93
LYCEE CHARLES DE FOUCAULD,PARIS,PR,105,93
LYCEE GUEZ DE BALZAC,POITIERS,PU,319,93
LYCEE ELIE VINET,POITIERS,PU,133,93
LYCEE DE BEAULIEU,POITIERS,PR,76,93
LYCEE FENELON NOTRE-DAME (GENERAL ET TECHNO.),POITIERS,PR,207,93
LYCEE HOTELIER,POITIERS,PU,66,93
LYCEE MARCELIN BERTHELOT,POITIERS,PU,292,93
LYCEE DU BOIS D'AMOUR,POITIERS,PU,293,93
LYCEE AUGUSTE PAVIE,RENNES,PU,241,93
LYCEE DE L'HARTELOIRE,RENNES,PU,131,93
LYCEE KERICHEN,RENNES,PU,203,93
LYCEE LA CROIX ROUGE,RENNES,PR,374,93
LYCEE DE L'ELORN,RENNES,PU,201,93
LYCEE ST FRANCOIS-NOTRE DAME,RENNES,PR,162,93
LYCEE LE PARACLET,RENNES,PR,57,93
LYCEE STE THERESE,RENNES,PR,130,93
LYCEE NOTRE DAME DE KERBERTRAND,RENNES,PR,64,93
LYCEE YVON BOURGES,RENNES,PU,75,93
LYCEE JEAN GUEHENNO,RENNES,PU,251,93
LYCEE RENE CASSIN,RENNES,PU,231,93
LYCEE BREQUIGNY,RENNES,PU,545,93
LYCEE RENE DESCARTES,RENNES,PU,356,93
LYCEE BERTRAND D'ARGENTRE,RENNES,PU,300,93
LYCEE BENJAMIN FRANKLIN,RENNES,PU,284,93
LYCEE SAINT JOSEPH - LA SALLE,RENNES,PR,87,93
LYCEE ALAIN RENE LESAGE,RENNES,PU,365,93
LYCEE CHARLES DE GAULLE,RENNES,PU,250,93
LYCEE LA PROVIDENCE,ROUEN,PR,60,93
LYCEE GALILEE,ROUEN,PU,443,93
LYCEE JEAN-PAUL II,ROUEN,PR,143,93
LYCEE ADRIEN ZELLER,STRASBOURG,PU,178,93
LYCEE LE CORBUSIER,STRASBOURG,PU,120,93
LYCEE ALEXANDRE DUMAS (HOTELIER),STRASBOURG,PU,87,93
LYCEE DOCTEUR KOEBERLE,STRASBOURG,PU,330,93
LYCEE SAINT ANDRE,STRASBOURG,PR,213,93
LYCEE SCHEURER KESTNER,STRASBOURG,PU,282,93
LYCEE SAINT-GABRIEL,TOULOUSE,PR,76,93
LYCEE RAYMOND SAVIGNAC,TOULOUSE,PU,108,93
LYCEE PARDAILHAN,TOULOUSE,PU,194,93
LYCEE EDMOND ROSTAND,TOULOUSE,PU,42,93
LYCEE SAINT-EXUPERY,TOULOUSE,PU,285,93
LYCEE DES ARENES,TOULOUSE,PU,300,93
LYCEE RAYMOND NAVES (GENERAL ET TECHNO.),TOULOUSE,PU,493,93
LYCEE RIVE GAUCHE,TOULOUSE,PU,440,93
LYCEE GASTON MONNERVILLE,TOULOUSE,PU,87,93
LYCEE LEO FERRE (GENERAL ET TECHNO.),TOULOUSE,PU,62,93
LYCEE D'AMBOISE,TOULOUSE,PR,66,93
LYCEE FRANCISQUE SARCEY (GENERAL ET TECHNO.),VERSAILLES,PU,358,93
LYCEE FUSTEL DE COULANGES,VERSAILLES,PU,298,93
LYCEE ALBERT CAMUS,VERSAILLES,PU,400,93
LYCEE RAMBAM,VERSAILLES,PR,61,93
LYCEE SAINT MARTIN DE FRANCE,VERSAILLES,PR,166,93
LYCEE DE VILLAROY,VERSAILLES,PU,262,93
LYCEE PIERRE CORNEILLE,VERSAILLES,PU,231,93
LYCEE ST EXUPERY,VERSAILLES,PR,68,93
LYCEE EMILIE DE BRETEUIL (GENERAL ET TECHNO.),VERSAILLES,PU,250,93
LYCEE MARIE CURIE,VERSAILLES,PU,430,93
LYCEE ANDRE HONNORAT (GENERAL ET TECHNO.),AIX-MARSEILLE,PU,53,92
LYCEE PIERRE-GILLES DE GENNES,AIX-MARSEILLE,PU,127,92
COURS BASTIDE,AIX-MARSEILLE,PR,44,92
LYCEE LA CADENELLE,AIX-MARSEILLE,PR,64,92
LYCEE LA FOURRAGERE (GENERAL ET TECHNO.),AIX-MARSEILLE,PU,244,92
LYCEE NOTRE DAME DE FRANCE,AIX-MARSEILLE,PR,50,92
LYCEE D ALTITUDE (GENERAL ET TECHNO.),AIX-MARSEILLE,PU,207,92
LYCEE ST JOSEPH,AIX-MARSEILLE,PR,51,92
LYCEE LOUIS PASTEUR,AIX-MARSEILLE,PR,228,92
LYCEE ST JOSEPH,AIX-MARSEILLE,PR,72,92
LYCEE ST LOUIS,AIX-MARSEILLE,PR,95,92
LYCEE VAL DE DURANCE (GENERAL ET TECHNO.),AIX-MARSEILLE,PU,322,92
LYCEE PIERRE MECHAIN (GENERAL ET TECHNO.),AMIENS,PU,172,92
LYCEE LOUIS THUILLIER,AMIENS,PU,184,92
LYCEE SAINT RIQUIER,AMIENS,PR,120,92
LYCEE JULES HAAG,BESANCON,PU,441,92
LYCEE EDGAR FAURE,BESANCON,PU,188,92
LYCEE XAVIER MARMIER (GENERAL ET TECHNO.),BESANCON,PU,312,92
LYCEE LUMIERE (GENERAL ET TECHNO.),BESANCON,PU,194,92
LYCEE LES HABERGES,BESANCON,PU,254,92
LYCEE PAUL EMILE VICTOR (GENERAL ET TECHNO.),BESANCON,PU,137,92
LYCEE CONDORCET,BESANCON,PU,274,92
LYCEE ANTOINE DE ST EXUPERY (GENERAL ET TECHNO.),BORDEAUX,PU,70,92
LYCEE BEL ORME,BORDEAUX,PR,113,92
LYCEE MONTESQUIEU,BORDEAUX,PU,338,92
LYCEE MAX LINDER,BORDEAUX,PU,514,92
LYCEE SUD DES LANDES,BORDEAUX,PU,189,92
LYCEE DE LA PLASTURGIE V DE GARONNE,BORDEAUX,PU,327,92
LYCEE TERTIAIRE ET  SOCIAL G.LEYGUES,BORDEAUX,PU,256,92
LYCEE CANTAU,BORDEAUX,PU,163,92
LYCEE LARGENTE,BORDEAUX,PR,212,92
LYCEE LOUIS DE FOIX,BORDEAUX,PU,317,92
LYCEE ST JOSEPH,BORDEAUX,PR,60,92
LYCEE ST JOSEPH,BORDEAUX,PR,41,92
LYCEE SAINT CRICQ (GENERAL ET TECHNO.),BORDEAUX,PU,319,92
INSTITUTION FREMONT,CAEN,PR,131,92
LYCEE NOTRE DAME DE LA PROVIDENCE,CAEN,PR,97,92
LYCEE SIVARD DE BEAULIEU,CAEN,PU,134,92
LYCEE ALEXIS DE TOCQUEVILLE,CAEN,PU,247,92
LYCEE JULLIOT DE LA MORANDIERE,CAEN,PU,203,92
LYCEE ROBERT DE MORTAIN (GENERAL ET TECHNO.),CAEN,PU,141,92
LYCEE HENRI CORNAT,CAEN,PU,264,92
LYCEE DES ANDAINES,CAEN,PU,89,92
LYCEE MARIE IMMACULEE,CAEN,PR,24,92
LYCEE ALBERT LONDRES,CLERMONT-FERRAND,PU,365,92
LYCEE MADAME DE STAEL,CLERMONT-FERRAND,PU,305,92
LYCEE CHARLES ET ADRIEN DUPUY,CLERMONT-FERRAND,PU,182,92
LYCEE SIMONE WEIL,CLERMONT-FERRAND,PU,259,92
LYCEE NOTRE DAME DU CHATEAU,CLERMONT-FERRAND,PR,152,92
LYCEE RENE DESCARTES,CLERMONT-FERRAND,PU,302,92
LYCEE C. ET P. VIRLOGEUX,CLERMONT-FERRAND,PU,338,92
LYCEE FRANCOIS COUPERIN,CRETEIL,PU,316,92
LYCEE EMILY BRONTE,CRETEIL,PU,257,92
LYCEE JEAN ROSE,CRETEIL,PR,112,92
LYCEE THIBAUT DE CHAMPAGNE (GENERAL ET TECHNO.),CRETEIL,PU,154,92
LYCEE ALBERT SCHWEITZER,CRETEIL,PU,351,92
LYCEE GUSTAVE EIFFEL (GENERAL ET TECHNO.),CRETEIL,PU,201,92
LYCEE CHRISTOPHE COLOMB (GENERAL ET TECHNO.),CRETEIL,PU,285,92
CLOS MAIRE (GENERAL ET TECHNO.),DIJON,PU,191,92
LYCEE E.J. MAREY (GENERAL ET TECHNO.),DIJON,PU,142,92
LYCEE PIERRE-GILLES DE GENNES (GENERAL ET TECHNO.),DIJON,PU,128,92
LYCEE CAMILLE CLAUDEL,DIJON,PU,181,92
LYCEE LÉON BLUM (GENERAL ET TECHNO.),DIJON,PU,247,92
LYCEE LAMARTINE,DIJON,PU,359,92
LYCEE DU SACRE COEUR (GENERAL ET TECHNO.),DIJON,PR,54,92
LYCEE GABRIEL VOISIN,DIJON,PU,157,92
LYCEE SAINT JOSEPH (GENERAL ET TECHNO.),DIJON,PR,91,92
LYCEE SAINT DENIS,GRENOBLE,PR,242,92
LYCEE ROUMANILLE,GRENOBLE,PU,143,92
LYCEE MONT BLANC RENE DAYVE,GRENOBLE,PU,345,92
LYCEE DEMOTZ DE LA SALLE (GENERAL ET TECHNO.),GRENOBLE,PR,85,92
LYCEE DE L'ALBANAIS,GRENOBLE,PU,285,92
LYCEE MME DE STAEL,GRENOBLE,PU,271,92
LYCEE L'OISELET,GRENOBLE,PU,410,92
LYCEE PIERRE BEGHIN,GRENOBLE,PU,247,92
LYCEE LA SAULAIE (GENERAL ET TECHNO.),GRENOBLE,PU,227,92
LYCEE ELLA FITZGERALD (GENERAL ET TECHNO.),GRENOBLE,PU,356,92
LYCEE JEAN MOULIN,GRENOBLE,PU,231,92
LYCEE JEANNE D'ARC,GRENOBLE,PR,79,92
LYCEE SAINT EXUPERY,GRENOBLE,PU,70,92
LYCEE AMBROISE CROIZAT,GRENOBLE,PU,224,92
LYCEE PAUL HEROULT,GRENOBLE,PU,229,92
LYCEE AUGUSTE ANGELLIER,LILLE,PU,431,92
LYCEE MARGUERITE DE FLANDRE,LILLE,PU,432,92
LYCEE NOTRE-DAME D'ANNAY,LILLE,PR,187,92
LYCEE FENELON,LILLE,PU,263,92
LYCEE NOTRE-DAME DE GRACE,LILLE,PR,93,92
LYCEE SAINT REMI,LILLE,PR,509,92
LYCEE SACRE COEUR,LILLE,PR,174,92
LYCEE DE L'ESCAUT,LILLE,PU,311,92
LYCEE VAUBAN (GENERAL ET TECHNO.),LILLE,PU,203,92
LYCEE LOUIS BLARINGHEM,LILLE,PU,336,92
LYCEE BLAISE PASCAL,LILLE,PU,194,92
LYCEE ALEXANDRE RIBOT,LILLE,PU,361,92
LYCEE BERNART DE VENTADOUR,LIMOGES,PU,112,92
LYCEE SAINT-EXUPERY (GENERAL ET TECHNO.),LYON,PU,139,92
LYCEE SEVIGNE,LYON,PR,109,92
LYCEE SAINT LOUIS-SAINT BRUNO,LYON,PR,133,92
LYCEE LA MACHE,LYON,PR,86,92
LYCEE FRANCOIS MANSART (GENERAL ET TECHNO.),LYON,PU,94,92
LYCEE CLAUDE BERNARD,LYON,PU,315,92
LYCEE NOTRE DAME,LYON,PR,87,92
LYCEE BELLEVUE,MARTINIQUE,PU,464,92
LYCEE PAUL SABATIER,MONTPELLIER,PU,359,92
LYCEE HENRI IV,MONTPELLIER,PU,339,92
LYCEE PAUL VALERY,MONTPELLIER,PU,174,92
LYCEE SAINT PIERRE-SAINT PAUL (GENERAL ET TECHNO.),MONTPELLIER,PR,22,92
LYCEE SACRE-COEUR (GENERAL ET TECHNO.),MONTPELLIER,PR,23,92
LYCEE ET SPORTIF PIERRE DE COUBERTIN,MONTPELLIER,PU,102,92
LYCEE JEANNE D'ARC,NANCY-METZ,PU,277,92
LYCEE FREDERIC CHOPIN,NANCY-METZ,PU,310,92
LYCEE HENRI LORITZ,NANCY-METZ,PU,326,92
LYCEE LOUIS MAJORELLE,NANCY-METZ,PU,283,92
LYCEE SAINT LOUIS,NANCY-METZ,PR,59,92
LYCEE ANNE DE MEJANES,NANCY-METZ,PR,32,92
LYCEE HOTELIER J-B SIMEON CHARDIN,NANCY-METZ,PU,31,92
LYCEE FILIERE BOIS ANDRE MALRAUX,NANCY-METZ,PU,356,92
LYCEE JOUBERT-EMILIEN MAILLARD (GENERAL ET TECHNO.),NANTES,PU,205,92
LYCEE CAMILLE CLAUDEL,NANTES,PU,213,92
LYCEE CARCOUET,NANTES,PU,147,92
LYCEE VIAL,NANTES,PU,154,92
LYCEE STE AGNES,NANTES,PR,118,92
LYCEE NOTRE DAME,NANTES,PR,50,92
LYCEE VICTOR HUGO,NANTES,PU,155,92
LYCEE D'ESTOURNELLES DE CONSTANT (GENERAL ET TECHNO.),NANTES,PU,265,92
LYCEE FRANCOIS TRUFFAUT,NANTES,PU,185,92
LYCEE PIERRE MENDES-FRANCE,NANTES,PU,258,92
LYCEE ST GABRIEL ST MICHEL,NANTES,PR,205,92
LYCEE JULES FERRY,NICE,PU,227,92
LYCEE ALEXIS DE TOCQUEVILLE,NICE,PU,275,92
LYCEE PIERRE ET MARIE CURIE,NICE,PU,231,92
LYCEE DON BOSCO,NICE,PR,83,92
LYCEE PARC IMPERIAL,NICE,PU,440,92
INSTITUTION ST JOSEPH CARNOLES (GENERAL ET TECHNO.),NICE,PR,107,92
LYCEE ANTOINE DE SAINT EXUPERY (GENERAL ET TECHNO.),NICE,PU,372,92
LYCEE SAINTE MARGUERITE (GENERAL ET TECHNO.),ORLEANS-TOURS,PR,95,92
LYCEE FRANCOIS RABELAIS (GENERAL ET TECHNO.),ORLEANS-TOURS,PU,292,92
LYCEE SAINT GILLES (GENERAL ET TECHNO.),ORLEANS-TOURS,PR,82,92
LYCEE CAMILLE CLAUDEL,ORLEANS-TOURS,PU,272,92
LYCEE VOLTAIRE,ORLEANS-TOURS,PU,426,92
LYCEE CARCADO SAISSEVAL,PARIS,PR,156,92
LYCEE SAINT-NICOLAS,PARIS,PR,151,92
LYCEE GUILLAUME TIREL,PARIS,PU,31,92
LYCEE SINAI,PARIS,PR,39,92
LYCEE IMAGE ET SON,POITIERS,PU,241,92
LYCEE PAUL GUERIN,POITIERS,PU,213,92
LYCEE VENISE VERTE,POITIERS,PU,362,92
LYCEE DU HAUT VAL DE SEVRE,POITIERS,PU,80,92
LYCEE EDOUARD HERRIOT,REIMS,PU,224,92
LYCEE CAMILLE CLAUDEL,REIMS,PU,230,92
LYCEE GEORGES CLEMENCEAU,REIMS,PU,236,92
LYCEE FELIX LE DANTEC,RENNES,PU,407,92
LYCEE SAINT JOSEPH - BOSSUET,RENNES,PR,123,92
LYCEE JEAN XXIII,RENNES,PR,87,92
LYCEE BREST - RIVE DROITE - JAVOUHEY,RENNES,PR,123,92
LYCEE ST ESPRIT,RENNES,PR,82,92
LYCEE NOTRE DAME DU MUR,RENNES,PR,126,92
LYCEE TRISTAN CORBIERE,RENNES,PU,262,92
LYCEE RENE LAENNEC,RENNES,PU,143,92
LYCEE DE CORNOUAILLE,RENNES,PU,235,92
LYCEE FRANCOIS RENE DE CHATEAUBRIAND,RENNES,PU,161,92
LYCEE LA PROVIDENCE (GENERAL ET TECHNO.),RENNES,PR,62,92
LYCEE BEAUMONT,RENNES,PU,212,92
LYCEE JOLIOT-CURIE,RENNES,PU,273,92
LYCEE JACQUES CARTIER (GENERAL ET TECHNO.),RENNES,PU,355,92
LYCEE VICTOR HUGO,RENNES,PU,279,92
LYCEE DUPUY DE LOME,RENNES,PU,472,92
LYCEE JOSEPH LOTH,RENNES,PU,240,92
LYCEE ST FRANCOIS-XAVIER,RENNES,PR,141,92
LYCEE ST JOSEPH,RENNES,PR,58,92
LYCEE ANGUIER,ROUEN,PU,185,92
LYCEE FRANCOIS 1ER,ROUEN,PU,256,92
LYCEE JEANNE D'ARC,ROUEN,PU,396,92
LYCEE JEAN-BAPTISTE SCHWILGUE (GENERAL ET TECHNO.),STRASBOURG,PU,175,92
LYCEE STANISLAS,STRASBOURG,PU,315,92
LYCEE JEAN JACQUES HENNER,STRASBOURG,PU,330,92
LYCEE CAMILLE SEE,STRASBOURG,PU,343,92
LYCEE DU CASTELLA,TOULOUSE,PU,294,92
LYCEE IMMACULEE CONCEPTION,TOULOUSE,PR,41,92
LYCEE JEAN VIGO,TOULOUSE,PU,133,92
LYCEE JOSEPH SAVERNE,TOULOUSE,PU,162,92
LYCEE CHARLES DE GAULLE,TOULOUSE,PU,68,92
LYCEE PIERRE D'ARAGON,TOULOUSE,PU,576,92
LYCEE VINCENT AURIOL,TOULOUSE,PU,133,92
LYCEE MARCELIN BERTHELOT,TOULOUSE,PU,270,92
LYCEE CLEMENT MAROT,TOULOUSE,PU,321,92
LYCEE DES METIERS CHAMPOLLION,TOULOUSE,PU,180,92
LYCEE JEAN LURCAT,TOULOUSE,PU,99,92
LYCEE SAINTE-CECILE,TOULOUSE,PR,118,92
LYCEE BORDE BASSE,TOULOUSE,PU,413,92
LYCEE JEANNE D'ARC,TOULOUSE,PR,74,92
LYCEE JEAN DE PRADES,TOULOUSE,PU,121,92
LYCEE FRANCOIS MITTERRAND,TOULOUSE,PU,107,92
LYCEE JULES MICHELET,TOULOUSE,PU,352,92
LYCEE RENE CASSIN,VERSAILLES,PU,358,92
LYCEE JEAN BAPTISTE COROT,VERSAILLES,PU,672,92
LYCEE PAUL LAPIE,VERSAILLES,PU,336,92
LYCEE MONTESQUIEU,VERSAILLES,PU,407,92
LYCEE TORAT EMET,VERSAILLES,PR,42,92
LYCEE VINCENT VAN GOGH (GENERAL ET TECHNO.),VERSAILLES,PU,226,92
LYCEE JEAN VILAR,VERSAILLES,PU,228,92
LYCEE LOUIS BASCAN (GENERAL ET TECHNO.),VERSAILLES,PU,537,92
LYCEE MANSART,VERSAILLES,PU,256,92
LYCEE VIOLLET-LE-DUC,VERSAILLES,PU,199,92
LYCEE ST CHARLES CAMAS,AIX-MARSEILLE,PR,54,91
LYCEE PERIER,AIX-MARSEILLE,PU,302,91
LYCEE HONORE ROMANE,AIX-MARSEILLE,PU,152,91
LYCEE DOMINIQUE VILLARS,AIX-MARSEILLE,PU,184,91
LYCEE FREDERIC MISTRAL,AIX-MARSEILLE,PU,255,91
LYCEE RENE CHAR,AIX-MARSEILLE,PU,284,91
LYCEE ALPHONSE BENOIT,AIX-MARSEILLE,PU,244,91
LYCEE LA PROVIDENCE,AMIENS,PR,36,91
LYCEE JEANNE HACHETTE,AMIENS,PU,287,91
LYCEE JEAN ROSTAND,AMIENS,PU,322,91
LYCEE HUGUES CAPET,AMIENS,PU,267,91
LYCEE BERTRAN DE BORN,BORDEAUX,PU,220,91
LYCEE LAURE GATET,BORDEAUX,PU,244,91
LYCEE ARNAUD DANIEL,BORDEAUX,PU,142,91
LYCEE NORD BASSIN,BORDEAUX,PU,171,91
LYCEE JEAN MONNET,BORDEAUX,PU,180,91
LYCEE ST VINCENT DE PAUL,BORDEAUX,PR,48,91
LYCEE DE LA MER,BORDEAUX,PU,78,91
LYCEE MONTESQUIEU,BORDEAUX,PR,113,91
LYCEE ST JACQUES DE COMPOSTELLE,BORDEAUX,PR,116,91
LYCEE VICTOR DURUY,BORDEAUX,PU,251,91
LYCEE HAROUN TAZIEFF,BORDEAUX,PU,70,91
LYCEE ST CAPRAIS,BORDEAUX,PR,133,91
LYCEE STENDHAL,BORDEAUX,PU,147,91
LYCEE JEANNE D ARC,BORDEAUX,PR,49,91
LYCEE IMMAC.CONCEPT.BEAU FRENE,BORDEAUX,PR,131,91
LYCEE MAURICE RAVEL,BORDEAUX,PU,166,91
LYCEE P. S. DE LAPLACE,CAEN,PU,155,91
LYCEE SALVADOR ALLENDE,CAEN,PU,255,91
LYCEE AUGUSTE CHEVALIER,CAEN,PU,89,91
LYCEE NAPOLEON,CAEN,PU,154,91
LYCEE PAUL CONSTANS,CLERMONT-FERRAND,PU,219,91
LYCEE MONNET-MERMOZ,CLERMONT-FERRAND,PU,189,91
LYCEE,CLERMONT-FERRAND,PU,56,91
LYCEE LA FAYETTE,CLERMONT-FERRAND,PU,110,91
LYCEE SEVIGNE SAINT LOUIS,CLERMONT-FERRAND,PR,47,91
LYCEE BLAISE PASCAL (GENERAL ET TECHNO.),CRETEIL,PU,272,91
LYCEE VAN DONGEN,CRETEIL,PU,321,91
PROTECTORAT SAINT JOSEPH (GENERAL ET TECHNO.),CRETEIL,PR,67,91
LYCEE EUGENE DELACROIX,CRETEIL,PU,400,91
LYCEE FRANCOIS MANSART,CRETEIL,PU,120,91
LYCEE CLAUDE-NICOLAS LEDOUX,CRETEIL,PR,128,91
LYCEE DESIRE NISARD (GENERAL ET TECHNO.),DIJON,PU,86,91
LYCEE SAINT BENIGNE (GENERAL ET TECHNO.),DIJON,PR,177,91
LYCEE LES ARCADES (GENERAL ET TECHNO.),DIJON,PR,132,91
LYCEE ANNA JUDIC (GENERAL ET TECHNO.),DIJON,PU,154,91
LYCEE SAINT LAZARE (GENERAL ET TECHNO.),DIJON,PR,23,91
LYCEE NICEPHORE NIEPCE,DIJON,PU,168,91
LYCEE LOUIS DAVIER (GENERAL ET TECHNO.),DIJON,PU,228,91
LYCEE PIERRE LAROUSSE,DIJON,PU,126,91
LYCEE VINCENT D 'INDY (GENERAL ET TECHNO.),GRENOBLE,PU,202,91
LYCEE CHABRILLAN,GRENOBLE,PR,49,91
LYCEE ALAIN BORNE,GRENOBLE,PU,363,91
LYCEE GABRIEL FAURE,GRENOBLE,PU,519,91
LYCEE JEAN MONNET,GRENOBLE,PU,262,91
LYCEE LOUIS LACHENAL,GRENOBLE,PU,233,91
LYCEE LES BRESSIS,GRENOBLE,PR,117,91
LYCEE CAMILLE COROT,GRENOBLE,PU,187,91
LYCEE PABLO NERUDA,GRENOBLE,PU,196,91
LYCEE GALILEE,GRENOBLE,PU,118,91
LYCEE LOUIS ARMAND,GRENOBLE,PU,307,91
LYCEE HOTELIER DU GOSIER (GENERAL ET TECHNO.),GUADELOUPE,PU,22,91
LYCEE LA POSSESSION (GENERAL ET TECHNO.),LA REUNION,PU,268,91
LYCEE LES AVIRONS (GENERAL ET TECHNO.),LA REUNION,PU,244,91
LYCEE SARDA GARRIGA,LA REUNION,PU,346,91
LYCEE GUSTAVE EIFFEL (GENERAL ET TECHNO.),LILLE,PU,147,91
LYCEE FENELON,LILLE,PU,322,91
LYCEE CAMILLE CLAUDEL (GENERAL ET TECHNO.),LILLE,PU,122,91
LYCEE SAINTE CLAIRE,LILLE,PR,122,91
LYCEE SOPHIE BERTHELOT,LILLE,PU,319,91
LYCEE EUGENE WOILLEZ (GENERAL ET TECHNO.),LILLE,PU,287,91
LYCEE D'ARTOIS (GENERAL ET TECHNO.),LILLE,PU,161,91
LYCEE MARGUERITE BAHUET (GENERAL ET TECHNO.),LIMOGES,PR,78,91
LYCEE AUGUSTE RENOIR,LIMOGES,PU,312,91
LYCEE PAUL ELUARD (GENERAL ET TECHNO.),LIMOGES,PU,101,91
LYCEE JEAN BAPTISTE DARNET,LIMOGES,PU,138,91
LYCEE JOSEPH-MARIE CARRIAT,LYON,PU,396,91
LYCEE NOTRE DAME,LYON,PR,61,91
LYCEE SAINTE MARIE LA GRAND'GRANGE,LYON,PR,80,91
LYCEE HONORE D'URFE,LYON,PU,461,91
LYCEE SIMONE WEIL,LYON,PU,229,91
LYCEE AIGUERANDE (GENERAL ET TECHNO.),LYON,PU,327,91
LYCEE FRANCOIS RABELAIS,LYON,PU,71,91
LYCEE JEAN-BAPTISTE DE LA SALLE,LYON,PR,281,91
LYCEE DES CHASSAGNES,LYON,PR,86,91
LYCEE PARC CHABRIERES,LYON,PU,202,91
LYCEE RENE CASSIN,LYON,PU,149,91
LYCEE JUIF DE LYON,LYON,PR,33,91
LYCEE JEAN DURAND (GENERAL ET TECHNO.),MONTPELLIER,PU,220,91
LYCEE JACQUES RUFFIE (GENERAL ET TECHNO.),MONTPELLIER,PU,197,91
LYCEE BEAUSEJOUR (GENERAL ET TECHNO.),MONTPELLIER,PR,105,91
LYCEE DOCTEUR LACROIX,MONTPELLIER,PU,330,91
LYCEE CHARLES GIDE,MONTPELLIER,PU,253,91
LYCEE GEORGES CLEMENCEAU,MONTPELLIER,PU,399,91
LYCEE HOTELIER RAYMOND MONDON,NANCY-METZ,PU,55,91
LYCEE MANGIN (GENERAL ET TECHNO.),NANCY-METZ,PU,283,91
LYCEE JEAN-BAPTISTE VUILLAUME,NANCY-METZ,PU,170,91
LYCEE JEANNE D'ARC,NANCY-METZ,PR,95,91
LYCEE ALBERT CAMUS,NANTES,PU,184,91
LYCEE ARISTIDE BRIAND,NANTES,PU,522,91
LYCEE EMMANUEL MOUNIER,NANTES,PU,112,91
LYCEE CHEVROLLIER,NANTES,PU,451,91
LYCEE JEAN MOULIN,NANTES,PU,127,91
LYCEE EUROPE ROBERT SCHUMAN,NANTES,PU,287,91
LYCEE FERNAND RENAUDEAU,NANTES,PU,164,91
LYCEE GABRIEL TOUCHARD - WASHINGTON (GENERAL ET TECHNO.),NANTES,PU,366,91
LYCEE J.DE LATTRE DE TASSIGNY,NANTES,PU,210,91
LYCEE SAVARY DE MAULEON,NANTES,PU,216,91
LYCEE L'ESPERANCE,NANTES,PR,24,91
LYCEE LEONARD DE VINCI,NICE,PU,126,91
LYCEE AMIRAL DE GRASSE,NICE,PU,270,91
LYCEE JEAN MOULIN,NICE,PU,403,91
LYCEE DU COUDON,NICE,PU,424,91
LYCEE DUMONT D URVILLE,NICE,PU,540,91
LYCEE ROUVIERE (GENERAL ET TECHNO.),NICE,PU,242,91
LYCEE EDOUARD VAILLANT,ORLEANS-TOURS,PU,252,91
LYCEE ROLLINAT,ORLEANS-TOURS,PU,93,91
LYCEE SAINT GATIEN (GENERAL ET TECHNO.),ORLEANS-TOURS,PR,111,91
LYCEE CHOISEUL,ORLEANS-TOURS,PU,354,91
LYCEE PAUL-LOUIS COURIER,ORLEANS-TOURS,PU,301,91
LYCEE AUGUSTIN THIERRY (GENERAL ET TECHNO.),ORLEANS-TOURS,PU,229,91
LYCEE FRANCOIS PHILIBERT DESSAIGNES,ORLEANS-TOURS,PU,377,91
LYCEE POTHIER,ORLEANS-TOURS,PU,377,91
SAINT PAUL-BOURDON BLANC (TECHNO.),ORLEANS-TOURS,PR,72,91
LYCEE D'HULST,PARIS,PR,58,91
LYCEE PIERRE-GILLES DE GENNES-ENCPB,PARIS,PU,197,91
LYCEE MAURICE RAVEL,PARIS,PU,381,91
LYCEE CHARLES A COULOMB,POITIERS,PU,185,91
LYCEE SAINTE MARTHE CHAVAGNES,POITIERS,PR,158,91
LYCEE LEONCE VIELJEUX,POITIERS,PU,284,91
LYCEE SAINT-EXUPERY,POITIERS,PU,242,91
LYCEE CORDOUAN,POITIERS,PU,327,91
LYCEE LOUIS ARMAND,POITIERS,PU,264,91
LYCEE UNION CHRETIENNE,POITIERS,PR,27,91
LYCEE DIDEROT (GENERAL ET TECHNO.),REIMS,PU,189,91
LYCEE ETIENNE OEHMICHEN,REIMS,PU,174,91
LYCEE JEAN XXIII,REIMS,PR,173,91
LYCEE DE LA FONTAINE DES EAUX,RENNES,PU,304,91
LYCEE NOTRE DAME,RENNES,PR,201,91
LYCEE EUGENE FREYSSINET,RENNES,PU,194,91
LYCEE FRANCOIS RABELAIS,RENNES,PU,241,91
LYCEE JOSEPH SAVINA,RENNES,PU,135,91
LYCEE DIWAN,RENNES,PR,82,91
LYCEE PAUL SERUSIER (GENERAL ET TECHNO.),RENNES,PU,134,91
LYCEE DE KERNEUZEC,RENNES,PU,256,91
LYCEE ND DU KREISKER,RENNES,PR,166,91
LYCEE JEANNE D'ARC,RENNES,PR,176,91
LYCEE STE JEANNE D'ARC,RENNES,PR,45,91
LYCEE ST LOUIS,RENNES,PR,304,91
LYCEE MARCELIN BERTHELOT,RENNES,PU,133,91
LYCEE NOTRE DAME LE MENIMUR,RENNES,PR,191,91
LYCEE LEOPOLD SEDAR SENGHOR,ROUEN,PU,384,91
LYCEE ANDRE MALRAUX,ROUEN,PU,152,91
LYCEE JACQUES PREVERT,ROUEN,PU,305,91
LYCEE GEORGES DUMEZIL,ROUEN,PU,440,91
LYCEE REY,ROUEN,PR,121,91
LYCEE FENELON,ROUEN,PR,111,91
LYCEE MARC BLOCH,STRASBOURG,PU,317,91
LYCEE ROBERT SCHUMAN,STRASBOURG,PU,446,91
LYCEE LOUIS MARCHAL (GENERAL ET TECHNO.),STRASBOURG,PU,89,91
LYCEE GENERAL LECLERC,STRASBOURG,PU,303,91
INSTIT.LA DOCTRINE CHRETIENNE,STRASBOURG,PR,58,91
LYCEE MARCEL RUDLOFF (GENERAL ET TECHNO.),STRASBOURG,PU,240,91
LYCEE JEAN ROSTAND (GENERAL ET TECHNO.),STRASBOURG,PU,339,91
LYCEE ALFRED KASTLER,STRASBOURG,PU,290,91
LYCEE THEODORE DECK (GENERAL ET TECHNO.),STRASBOURG,PU,222,91
LYCEE ALEXIS MONTEIL,TOULOUSE,PU,258,91
LYCEE SAINT-JOSEPH,TOULOUSE,PR,56,91
LYCEE DE BAGATELLE,TOULOUSE,PU,276,91
LYCEE DEODAT DE SEVERAC,TOULOUSE,PU,314,91
LYCEE JOLIMONT,TOULOUSE,PU,235,91
LYCEE TOULOUSE-LAUTREC,TOULOUSE,PU,474,91
LYCEE PIERRE MENDES FRANCE,TOULOUSE,PU,89,91
LYCEE JEAN JAURES,TOULOUSE,PU,100,91
LYCEE VICTOR HUGO,TOULOUSE,PU,224,91
LYCEE FRANCOIS-JOSEPH TALMA,VERSAILLES,PU,349,91
LYCEE JACQUES PREVERT,VERSAILLES,PU,252,91
LYCEE MARIE LAURENCIN (GENERAL ET TECHNO.),VERSAILLES,PU,368,91
LYCEE LUCIE AUBRAC,VERSAILLES,PU,85,91
LYCEE LEONARD DE VINCI,VERSAILLES,PU,430,91
LYCEE LEONARD DE VINCI,VERSAILLES,PU,162,91
LYCEE JACQUES PREVERT,VERSAILLES,PU,306,91
LYCEE JULES FERRY,VERSAILLES,PU,324,91
LYCEE D'HOTELLERIE ET DE TOURISME,VERSAILLES,PU,62,91
LYCEE FELIX ESCLANGON,AIX-MARSEILLE,PU,302,90
LYCEE CELONY,AIX-MARSEILLE,PR,58,90
LYCEE MARIE MADELEINE FOURCADE,AIX-MARSEILLE,PU,394,90
LYCEE HOTELIER REGIONAL,AIX-MARSEILLE,PU,54,90
LYCEE VIALA LACOSTE,AIX-MARSEILLE,PR,101,90
LYCEE EMPERI (L'),AIX-MARSEILLE,PU,332,90
LYCEE ARISTIDE BRIAND,AIX-MARSEILLE,PU,375,90
LYCEE THEODORE AUBANEL,AIX-MARSEILLE,PU,395,90
LYCEE ISMAEL DAUPHIN,AIX-MARSEILLE,PU,266,90
LYCEE EUROPEEN,AMIENS,PU,168,90
LYCEE ROBERT DE LUZARCHES,AMIENS,PU,304,90
LYCEE LOUIS PERGAUD (GENERAL ET TECHNO.),BESANCON,PU,511,90
LYCEE VICTOR HUGO,BESANCON,PU,346,90
LYCEE GEORGES CUVIER,BESANCON,PU,345,90
LYCEE AUGUSTIN COURNOT (GENERAL ET TECHNO.),BESANCON,PU,188,90
LYCEE SAINTE MARIE,BESANCON,PR,53,90
LYCEE GIRAUT DE BORNEIL,BORDEAUX,PU,48,90
LYCEE ALBERT CLAVEILLE,BORDEAUX,PU,175,90
LYCEE PRE DE CORDY,BORDEAUX,PU,219,90
LYCEE GASTON CRAMPE (GENERAL ET TECHNO.),BORDEAUX,PU,160,90
LYCEE JEAN BAPTISTE DE BAUDRE,BORDEAUX,PU,294,90
LYCEE GEORGE SAND,BORDEAUX,PU,82,90
INSTITUTION JEANNE D'ARC,CAEN,PR,68,90
LYCEE ALAIN CHARTIER,CAEN,PU,183,90
LYCEE JULES DUMONT D'URVILLE (GENERAL ET TECHNO.),CAEN,PU,250,90
LYCEE ANDRE MAUROIS,CAEN,PU,148,90
COURS NOTRE-DAME,CAEN,PR,72,90
LYCEE CLAUDE LEHEC,CAEN,PU,22,90
LYCEE LE BON SAUVEUR,CAEN,PR,57,90
LYCEE PIERRE ET MARIE CURIE,CAEN,PU,193,90
LYCEE MEZERAY (GENERAL ET TECHNO.),CAEN,PU,132,90
LYCEE SAINT PIERRE,CLERMONT-FERRAND,PR,136,90
LYCEE SAINT BENOIT,CLERMONT-FERRAND,PR,42,90
LYCEE JEAN MONNET,CLERMONT-FERRAND,PU,112,90
LYCEE LA FAYETTE,CLERMONT-FERRAND,PU,185,90
LYCEE URUGUAY FRANCE,CRETEIL,PU,288,90
LYCEE HENRI MOISSAN,CRETEIL,PU,322,90
LYCEE JACQUES AMYOT,CRETEIL,PU,186,90
LYCEE CAMILLE CLAUDEL,CRETEIL,PU,233,90
LYCEE LA TOUR DES DAMES (GENERAL ET TECHNO.),CRETEIL,PU,200,90
LYCEE EVARISTE GALOIS (GENERAL ET TECHNO.),CRETEIL,PU,280,90
LYCEE SAMUEL DE CHAMPLAIN,CRETEIL,PU,378,90
LYCEE OZAR HATORAH GARCONS,CRETEIL,PR,21,90
LYCEE GUILLAUME APOLLINAIRE,CRETEIL,PU,368,90
LYCEE PRIEUR DE LA COTE D'OR (GENERAL ET TECHNO.),DIJON,PU,167,90
LYCEE JEAN-MARC BOIVIN,DIJON,PU,184,90
LYCEE HIPPOLYTE FONTAINE,DIJON,PU,197,90
LYCEE LE CASTEL (GENERAL ET TECHNO.),DIJON,PU,261,90
LYCEE MAURICE GENEVOIX (GENERAL ET TECHNO.),DIJON,PU,125,90
LYCEE L'ESPERANCE (GENERAL ET TECHNO.),DIJON,PR,75,90
LYCEE RAOUL FOLLEREAU,DIJON,PU,242,90
LYCEE HILAIRE DE CHARDONNET (GENERAL ET TECHNO.),DIJON,PU,179,90
LYCEE JULES FROMENT,GRENOBLE,PR,184,90
LYCEE DU SACRE COEUR (GENERAL ET TECHNO.),GRENOBLE,PR,145,90
LYCEE FRANCOIS JEAN ARMORIN (GENERAL ET TECHNO.),GRENOBLE,PU,105,90
LYCEE HECTOR BERLIOZ (GENERAL ET TECHNO.),GRENOBLE,PU,191,90
LYCEE JEANNE D'ARC,GRENOBLE,PR,57,90
LYCEE CHARLES GABRIEL PRAVAZ (GENERAL ET TECHNO.),GRENOBLE,PU,194,90
LYCEE LEONARD DE VINCI,GRENOBLE,PU,213,90
PENSIONNAT DE VERSAILLES,GUADELOUPE,PR,82,90
LYCEE STELLA (GENERAL ET TECHNO.),LA REUNION,PU,124,90
LYCEE BELLEPIERRE,LA REUNION,PU,463,90
LYCEE GEORGES BRASSENS,LA REUNION,PU,241,90
LYCEE JESSE DE FOREST (GENERAL ET TECHNO.),LILLE,PU,202,90
LYCEE DES FLANDRES,LILLE,PU,274,90
LYCEE FONDATION DEPOORTER,LILLE,PR,105,90
LYCEE LOUIS PASTEUR,LILLE,PU,274,90
LYCEE SAINT PIERRE,LILLE,PR,85,90
LYCEE FAIDHERBE,LILLE,PU,243,90
INSTITUT SAINT VINCENT DE PAUL,LILLE,PR,206,90
LYCEE MARIETTE,LILLE,PU,478,90
LYCEE DES METIERS DU BATIMENT,LIMOGES,PU,26,90
LYCEE JEAN FAVARD (GENERAL ET TECHNO.),LIMOGES,PU,140,90
LYCEE BEAUPEYRAT,LIMOGES,PR,67,90
LYCEE RAOUL DAUTRY,LIMOGES,PU,191,90
ENSEMBLE SCOLAIRE LAMARTINE,LYON,PR,51,90
LYCEE ARBEZ CARME,LYON,PU,132,90
LYCEE SAINT JOSEPH,LYON,PR,34,90
LYCEE ALBERT THOMAS,LYON,PU,221,90
LYCEE JEAN PUY,LYON,PU,293,90
EXTERNAT DE LA TRINITE,LYON,PR,106,90
LYCEE EDOUARD BRANLY,LYON,PU,193,90
LYCEE NOTRE DAME DE BEL AIR,LYON,PR,127,90
LYCEE LOUIS ARMAND (GENERAL ET TECHNO.),LYON,PU,275,90
LYCEE LA MERCI LITTORAL (GENERAL ET TECHNO.),MONTPELLIER,PR,52,90
LYCEE JOSEPH VALLOT (GENERAL ET TECHNO.),MONTPELLIER,PU,153,90
LYCEE VICTOR HUGO (GENERAL ET TECHNO.),MONTPELLIER,PU,205,90
LYCEE JEAN MOULIN,MONTPELLIER,PU,284,90
LYCEE NOTRE-DAME (GENERAL ET TECHNO.),MONTPELLIER,PR,93,90
LYCEE SAINT DOMINIQUE,NANCY-METZ,PR,69,90
LYCEE JACQUES MARQUETTE,NANCY-METZ,PU,238,90
LYCEE JEAN HANZELET (GENERAL ET TECHNO.),NANCY-METZ,PU,48,90
LYCEE JEAN-AUGUSTE MARGUERITTE (GENERAL ET TECHNO.),NANCY-METZ,PU,461,90
LYCEE ERCKMANN CHATRIAN,NANCY-METZ,PU,103,90
LYCEE CHARLEMAGNE,NANCY-METZ,PU,184,90
LYCEE PIERRE MENDES FRANCE,NANCY-METZ,PU,159,90
LYCEE GUY MOQUET - ETIENNE LENOIR (GENERAL ET TECHNO.),NANTES,PU,136,90
LYCEE REAUMUR,NANTES,PU,181,90
LYCEE ANDRE MALRAUX,NANTES,PU,222,90
LYCEE ROBERT GARNIER (GENERAL ET TECHNO.),NANTES,PU,275,90
LYCEE COLBERT DE TORCY - CH. CROS,NANTES,PU,211,90
LYCEE ALFRED KASTLER - GUITTON (GENERAL ET TECHNO.),NANTES,PU,165,90
LYCEE LES EUCALYPTUS,NICE,PU,164,90
LYCEE THIERRY MAULNIER,NICE,PU,407,90
LYCEE ALBERT CAMUS (GENERAL ET TECHNO.),NICE,PU,202,90
LYCEE PAUL LANGEVIN,NICE,PU,213,90
LYCEE DU VAL D'ARGENS (GENERAL ET TECHNO.),NICE,PU,221,90
LYCEE MARIE FRANCE,NICE,PR,36,90
LYCEE BONAPARTE,NICE,PU,380,90
LYCEE HOTELLERIE ET TOURISME TPM,NICE,PU,43,90
LYCEE ALAIN FOURNIER,ORLEANS-TOURS,PU,248,90
LYCEE JACQUES COEUR,ORLEANS-TOURS,PU,391,90
LYCEE HENRI BRISSON,ORLEANS-TOURS,PU,26,90
LYCEE REMI BELLEAU,ORLEANS-TOURS,PU,204,90
LYCEE SAINTE SOLANGE (GENERAL ET TECHNO.),ORLEANS-TOURS,PR,58,90
LYCEE HONORE DE BALZAC,ORLEANS-TOURS,PU,152,90
LYCEE LEONARD DE VINCI,ORLEANS-TOURS,PU,308,90
LYCEE JACQUES DE VAUCANSON,ORLEANS-TOURS,PU,298,90
LYCEE CHATEAU BLANC,ORLEANS-TOURS,PU,28,90
LYCEE EN FORET,ORLEANS-TOURS,PU,502,90
LYCEE DUHAMEL DU MONCEAU,ORLEANS-TOURS,PU,285,90
LYCEE JACQUES DECOUR,PARIS,PU,187,90
LYCEE JULES FERRY,PARIS,PU,205,90
LYCEE NOTRE-DAME -ST VINCENT DE PAUL (GENERAL ET TECHNO.),PARIS,PR,88,90
LYCEE CATHERINE LABOURE (GENERAL ET TECHNO.),PARIS,PR,112,90
LYCEE CLAUDE BERNARD,PARIS,PU,187,90
LYCEE MOLIERE,PARIS,PU,170,90
LYCEE MARGUERITE DE VALOIS,POITIERS,PU,414,90
LYCEE JEAN MONNET (GENERAL ET TECHNO.),POITIERS,PU,257,90
LYCEE MAURICE MERLEAU-PONTY,POITIERS,PU,330,90
LYCEE BELLEVUE,POITIERS,PU,241,90
LYCEE ERNEST PEROCHON,POITIERS,PU,215,90
LYCEE ANDRE THEURIET,POITIERS,PU,130,90
LYCEE MABILLON,REIMS,PR,54,90
LYCEE IMMACULEE CONCEPTION,REIMS,PR,94,90
LYCEE NOTRE-DAME ST VICTOR,REIMS,PR,35,90
LYCEE LEON BOURGEOIS,REIMS,PU,196,90
LYCEE FULGENCE BIENVENUE (GENERAL ET TECHNO.),RENNES,PU,113,90
LYCEE ST PIERRE,RENNES,PR,155,90
LYCEE AMIRAL RONARC'H,RENNES,PU,315,90
LYCEE VAUBAN (GENERAL ET TECHNO.),RENNES,PU,181,90
LYCEE ST JOSEPH,RENNES,PR,130,90
LYCEE ST SEBASTIEN,RENNES,PR,129,90
LYCEE JEAN CHAPTAL,RENNES,PU,177,90
LYCEE JEAN BRITO,RENNES,PU,226,90
LYCEE MARCEL CALLO,RENNES,PR,80,90
LYCEE DE LA SALLE,RENNES,PR,93,90
LYCEE JEAN MACE,RENNES,PU,263,90
LYCEE BROCELIANDE,RENNES,PU,133,90
LYCEE AUGUSTIN FRESNEL,ROUEN,PU,280,90
LYCEE JEHAN ANGO,ROUEN,PU,403,90
LYCEE PROVIDENCE MISERICORDE (GENERAL ET TECHNO.),ROUEN,PR,61,90
LYCEE DE LA COTE D'ALBATRE,ROUEN,PU,168,90
LYCEE SCHURE,STRASBOURG,PU,143,90
LYCEE HAUT-BARR,STRASBOURG,PU,108,90
LYCEE MARIE CURIE,STRASBOURG,PU,231,90
INSTITUT SONNENBERG,STRASBOURG,PR,52,90
LYCEE BLAISE PASCAL (GENERAL ET TECHNO.),STRASBOURG,PU,281,90
LYCEE LAVOISIER (GENERAL ET TECHNO.),STRASBOURG,PU,267,90
LYCEE DU COUSERANS,TOULOUSE,PU,96,90
LYCEE LA DECOUVERTE,TOULOUSE,PU,117,90
LYCEE LOUIS QUERBES,TOULOUSE,PR,166,90
LYCEE LE GARROS,TOULOUSE,PU,177,90
LYCEE MARECHAL LANNES (GENERAL ET TECHNO.),TOULOUSE,PU,82,90
LYCEE SAINTE-MARIE DE NEVERS,TOULOUSE,PR,284,90
LYCEE RENE BILLERES,TOULOUSE,PU,81,90
LYCEE LA SERRE DE SARSAN,TOULOUSE,PU,77,90
LYCEE MARIE CURIE,TOULOUSE,PU,356,90
LYCEE LOUIS VICAT,TOULOUSE,PU,25,90
LYCEE LOUIS RASCOL,TOULOUSE,PU,284,90
LYCEE CLAUDE NOUGARO,TOULOUSE,PU,116,90
LYCEE EMMANUEL MOUNIER,VERSAILLES,PU,160,90
LYCEE LA FOLIE SAINT JAMES,VERSAILLES,PU,164,90
LYCEE GERARD DE NERVAL,VERSAILLES,PU,227,90
LYCEE VAUBAN,VERSAILLES,PR,56,90
LYCEE LE CORBUSIER,VERSAILLES,PU,281,90
LYCEE EVARISTE GALOIS,VERSAILLES,PU,435,90
LYCEE JEAN-BAPTISTE POQUELIN,VERSAILLES,PU,244,90
LYCEE MAXIMILIEN DE SULLY,AIX-MARSEILLE,PR,50,89
LYCEE SAINT CHARLES,AMIENS,PR,24,89
LYCEE SAINT JOSEPH,AMIENS,PR,71,89
LYCEE HENRI MARTIN,AMIENS,PU,181,89
LYCEE ST JOSEPH DU MONCEL,AMIENS,PR,81,89
LYCEE MADELEINE MICHELIS,AMIENS,PU,248,89
LYCEE SAINT JEAN,BESANCON,PR,166,89
LYCEE LE GRAND CHENOIS,BESANCON,PU,296,89
LYCEE VIETTE (GENERAL ET TECHNO.),BESANCON,PU,105,89
LYCEE ARMAND PEUGEOT,BESANCON,PU,151,89
LYCEE LOUIS ARAGON (GENERAL ET TECHNO.),BESANCON,PU,150,89
LYCEE GEORGES COLOMB,BESANCON,PU,168,89
LYCEE VICTOR CONSIDERANT,BESANCON,PU,82,89
LYCEE PRE SAINT SAUVEUR,BESANCON,PU,137,89
LYCEE ALCIDE DUSOLIER (GENERAL ET TECHNO.),BORDEAUX,PU,94,89
LYCEE JAUFRE RUDEL,BORDEAUX,PU,265,89
LYCEE JEAN MOULIN,BORDEAUX,PU,253,89
LYCEE RECLUS,BORDEAUX,PU,141,89
LYCEE ALFRED KASTLER (GENERAL ET TECHNO.),BORDEAUX,PU,228,89
LYCEE MARGUERITE FILHOL,BORDEAUX,PU,100,89
LYCEE DE LA CHIMIE ALBERT CAMUS,BORDEAUX,PU,89,89
LYCEE AUGUSTIN FRESNEL,CAEN,PU,293,89
LYCEE JEAN ROSTAND,CAEN,PU,409,89
LYCEE NOTRE DAME DE FIDELITE,CAEN,PR,31,89
LYCEE SAINTE URSULE,CAEN,PR,163,89
LYCEE CHARLES TELLIER,CAEN,PU,95,89
LYCEE LOUIS LIARD (GENERAL ET TECHNO.),CAEN,PU,184,89
LYCEE LES ROSIERS,CAEN,PR,63,89
LYCEE JEAN GUEHENNO,CAEN,PU,182,89
LYCEE BLAISE PASCAL (GENERAL ET TECHNO.),CLERMONT-FERRAND,PU,95,89
LYCEE HONORE DE BALZAC (GENERAL ET TECHNO.),CRETEIL,PU,315,89
LYCEE ANDRE MALRAUX,CRETEIL,PU,211,89
LYCEE ETIENNE BEZOUT,CRETEIL,PU,248,89
LYCEE FLORA TRISTAN,CRETEIL,PU,192,89
LYCEE LEON BLUM (GENERAL ET TECHNO.),CRETEIL,PU,280,89
LYCEE ROBERT SCHUMAN,CRETEIL,PR,68,89
LYCEE LES MARCS D'OR,DIJON,PU,47,89
LYCEE MATHIAS (GENERAL ET TECHNO.),DIJON,PU,332,89
LYCEE DES CHAUMES (GENERAL ET TECHNO.),DIJON,PU,85,89
LYCEE CATHERINE ET RAYMOND JANOT,DIJON,PU,528,89
LYCEE MARC SEGUIN,GRENOBLE,PR,30,89
LYCEE MARIE RIVIER,GRENOBLE,PR,114,89
LYCEE DR. GUSTAVE JAUME (GENERAL ET TECHNO.),GRENOBLE,PU,205,89
LYCEE ALBERT TRIBOULET,GRENOBLE,PU,358,89
LYCEE MONTPLAISIR,GRENOBLE,PR,159,89
LYCEE ELIE CARTAN,GRENOBLE,PU,154,89
LYCEE MONGE,GRENOBLE,PU,249,89
LYCEE ROLAND GARROS (GENERAL ET TECHNO.),LA REUNION,PU,611,89
LYCEE PAUL HAZARD,LILLE,PU,375,89
LYCEE DES NERVIENS,LILLE,PU,80,89
LYCEE E.P.I.D.,LILLE,PR,84,89
LYCEE VAL DE LYS,LILLE,PU,96,89
LYCEE EUROPEEN MONTEBELLO,LILLE,PU,360,89
LYCEE EIC LICP,LILLE,PR,367,89
LYCEE RAYMOND QUENEAU,LILLE,PU,344,89
LYCEE GIRAUX SANNIER (GENERAL ET TECHNO.),LILLE,PU,142,89
LYCEE GEORGES CABANIS,LIMOGES,PU,178,89
LYCEE EUGENE JAMOT,LIMOGES,PU,98,89
LYCEE BERNARD PALISSY,LIMOGES,PU,64,89
LYCEE DU BUGEY,LYON,PU,173,89
LYCEE SAINT PAUL FOREZ,LYON,PR,71,89
LYCEE GEORGES BRASSENS (GENERAL ET TECHNO.),LYON,PU,221,89
LYCEE ETIENNE MIMARD,LYON,PU,93,89
LYCEE CHARLIE CHAPLIN (GENERAL ET TECHNO.),LYON,PU,475,89
LYCEE DEBORDE,LYON,PR,38,89
LYCEE DE LA SALLE,MONTPELLIER,PR,104,89
LYCEE EMMANUEL D ALZON (GENERAL ET TECHNO.),MONTPELLIER,PR,296,89
LYCEE SAINT STANISLAS - SACRE COEUR,MONTPELLIER,PR,77,89
LYCEE AUGUSTE LOUBATIERES (GENERAL ET TECHNO.),MONTPELLIER,PU,243,89
LYCEE LOUIS FEUILLADE (GENERAL ET TECHNO.),MONTPELLIER,PU,301,89
LYCEE JEAN JAURES (GENERAL ET TECHNO.),MONTPELLIER,PU,374,89
LYCEE EMILE PEYTAVIN,MONTPELLIER,PU,66,89
LYCEE DEODAT DE SEVERAC (GENERAL ET TECHNO.),MONTPELLIER,PU,273,89
LYCEE ARTHUR VAROQUAUX,NANCY-METZ,PU,448,89
LYCEE HENRI VOGT (GENERAL ET TECHNO.),NANCY-METZ,PU,182,89
LYCEE ALFRED KASTLER (GENERAL ET TECHNO.),NANCY-METZ,PU,75,89
LYCEE JULIE DAUBIE (GENERAL ET TECHNO.),NANCY-METZ,PU,346,89
LYCEE JEAN DE PANGE,NANCY-METZ,PU,400,89
LYCEE HELENE BOUCHER,NANCY-METZ,PU,307,89
LYCEE GEORGES BAUMONT,NANCY-METZ,PU,149,89
LYCEE GALILEE,NANTES,PU,146,89
LYCEE SACRE COEUR (GENERAL ET TECHNO.),NANTES,PR,87,89
LYCEE ST JB DE LA SALLE,NANTES,PR,110,89
LYCEE NOTRE DAME,NANTES,PR,37,89
LYCEE LE MANS SUD (GENERAL ET TECHNO.),NANTES,PU,249,89
LYCEE DE LA MONTAGNE (GENERAL ET TECHNO.),NICE,PU,67,89
LYCEE JEAN AICARD,NICE,PU,389,89
LYCEE BEAUSSIER,NICE,PU,459,89
LYCEE EDOUARD BRANLY,ORLEANS-TOURS,PU,175,89
LYCEE BATIMENT-SAINT-LAMBERT,PARIS,PU,45,89
LYCEE RENE JOSUE VALIN,POITIERS,PU,373,89
LYCEE BERNARD PALISSY,POITIERS,PU,281,89
LYCEE LOUIS AUDOUIN DUBREUIL (GENERAL ET TECHNO.),POITIERS,PU,197,89
CITE SCOLAIRE JEAN MOULIN,POITIERS,PU,141,89
LYCEE JEAN MOULIN,POITIERS,PU,106,89
LYCEE ST JACQUES DE COMPOSTELLE,POITIERS,PR,122,89
LYCEE OUDINOT,REIMS,PR,68,89
LYCEE CHARLES DE GAULLE,REIMS,PU,213,89
LYCEE ST MICHEL (GENERAL ET TECHNO.),REIMS,PR,135,89
LYCEE FRANCOIS 1ER,REIMS,PU,209,89
LYCEE SACRE COEUR,RENNES,PR,121,89
LYCEE ESTRAN FENELON,RENNES,PR,129,89
LYCEE JEAN MOULIN,RENNES,PU,148,89
LYCEE JEAN-MARIE LE BRIS,RENNES,PU,103,89
LYCEE ST GABRIEL,RENNES,PR,85,89
LYCEE YVES THEPOT,RENNES,PU,74,89
LYCEE ST ETIENNE (GENERAL ET TECHNO.),RENNES,PR,72,89
LYCEE MAUPERTUIS,RENNES,PU,138,89
LYCEE ARISTIDE BRIAND,ROUEN,PU,431,89
LYCEE SAINT-ADJUTOR,ROUEN,PR,103,89
LYCEE THOMAS CORNEILLE,ROUEN,PU,295,89
LYCEE E. DELAMARE DEBOUTTEVILLE (GENERAL ET TECHNO.),ROUEN,PU,225,89
LYCEE CLAUDE MONET,ROUEN,PU,380,89
LYCEE BLAISE PASCAL (GENERAL ET TECHNO.),ROUEN,PU,240,89
LYCEE RAYMOND QUENEAU (GENERAL ET TECHNO.),ROUEN,PU,320,89
LYCEE GEORGES IMBERT (GENERAL ET TECHNO.),STRASBOURG,PU,90,89
INSTITUTION SAINTE CLOTILDE,STRASBOURG,PR,192,89
LYCEE JOSEPH STORCK (HOTELIER),STRASBOURG,PU,46,89
LYCEE MICHEL DE MONTAIGNE,STRASBOURG,PU,459,89
LYCEE JEAN MERMOZ (GENERAL ET TECHNO.),STRASBOURG,PU,381,89
LYCEE JEANNE D'ARC,TOULOUSE,PR,70,89
LYCEE ALAIN-FOURNIER (GENERAL ET TECHNO.),TOULOUSE,PU,71,89
LYCEE ORT MAURICE GRYNFOGEL,TOULOUSE,PR,54,89
LYCEE MICHELET,TOULOUSE,PU,126,89
LYCEE PEYRAMALE SAINT-JOSEPH,TOULOUSE,PR,45,89
LYCEE PRADEAU-LA SEDE,TOULOUSE,PR,52,89
LYCEE JEANNE D'ARC (GENERAL ET TECHNO.),TOULOUSE,PR,70,89
LYCEE GEOFFROY-SAINT-HILAIRE (GENERAL ET TECHNO.),VERSAILLES,PU,516,89
LYCEE PARC DE VILGENIS (GENERAL ET TECHNO.),VERSAILLES,PU,303,89
LYCEE SUGER,VERSAILLES,PR,89,89
LYCEE JULES VERNE (GENERAL ET TECHNO.),VERSAILLES,PU,209,89
LYCEE LOUIS ARMAND (GENERAL ET TECHNO.),VERSAILLES,PU,152,89
LYCEE VAN GOGH,VERSAILLES,PU,454,89
LYCEE FRAGONARD,VERSAILLES,PU,276,89
LYCEE LES SEPT MARES,VERSAILLES,PU,193,89
LYCEE ALEXANDRA DAVID NEEL,AIX-MARSEILLE,PU,215,88
LYCEE ARTHUR RIMBAUD,AIX-MARSEILLE,PU,338,88
LYCEE ORT LEON BRAMSON,AIX-MARSEILLE,PR,38,88
LYCEE JEAN LURCAT,AIX-MARSEILLE,PU,225,88
LYCEE ADAM DE CRAPONNE,AIX-MARSEILLE,PU,411,88
LYCEE PIERRE MENDES FRANCE,AIX-MARSEILLE,PU,288,88
LYCEE JEAN HENRI FABRE (GENERAL ET TECHNO.),AIX-MARSEILLE,PU,260,88
LYCEE VICTOR HUGO,AIX-MARSEILLE,PU,402,88
LYCEE ARC (DE L'),AIX-MARSEILLE,PU,346,88
LYCEE JULES VERNE,AMIENS,PU,133,88
LYCEE GUYNEMER,AMIENS,PR,94,88
LYCEE LA MAISON FRANCAISE,AMIENS,PR,22,88
LYCEE LAMARCK,AMIENS,PU,124,88
LYCEE PIERRE-ADRIEN PARIS,BESANCON,PU,23,88
LYCEE SAINT PAUL,BESANCON,PR,98,88
LYCEE JEAN RENOU (GENERAL ET TECHNO.),BORDEAUX,PU,95,88
LYCEE ST DOMINIQUE,BORDEAUX,PR,162,88
LYCEE ALBERT SOREL (GENERAL ET TECHNO.),CAEN,PU,91,88
LYCEE PAUL CORNU,CAEN,PU,135,88
LYCEE GENEVIEVE VINCENT (GENERAL ET TECHNO.),CLERMONT-FERRAND,PU,55,88
LYCEE MURAT,CLERMONT-FERRAND,PU,227,88
LYCEE JEAN ZAY,CLERMONT-FERRAND,PU,70,88
LYCEE MONTDORY,CLERMONT-FERRAND,PU,131,88
LYCEE LAETITIA BONAPARTE,CORSE,PU,363,88
LYCEE GIOCANTE DE CASABIANCA,CORSE,PU,345,88
LYCEE LA FAYETTE,CRETEIL,PU,95,88
LYCEE JULES FERRY (GENERAL ET TECHNO.),CRETEIL,PU,378,88
LYCEE BLANCHE DE CASTILLE (GENERAL ET TECHNO.),CRETEIL,PR,81,88
LYCEE BENJAMIN FRANKLIN,CRETEIL,PU,24,88
LYCEE SIMONE SIGNORET (GENERAL ET TECHNO.),CRETEIL,PU,265,88
LYCEE PAUL ROBERT (GENERAL ET TECHNO.),CRETEIL,PU,160,88
LYCEE GEORGES CLEMENCEAU,CRETEIL,PU,348,88
LYCEE SIMONE WEIL (GENERAL ET TECHNO.),DIJON,PU,92,88
LYCEE HENRI PARRIAT,DIJON,PU,278,88
LYCEE JOSEPH FOURIER (GENERAL ET TECHNO.),DIJON,PU,254,88
LYCEE CHEVALIER D'EON (GENERAL ET TECHNO.),DIJON,PU,132,88
LYCEE MARCEL GIMOND (GENERAL ET TECHNO.),GRENOBLE,PU,266,88
LYCEE XAVIER MALLET (GENERAL ET TECHNO.),GRENOBLE,PU,97,88
LYCEE GABRIEL FAURE,GRENOBLE,PU,279,88
LYCEE LES CATALINS,GRENOBLE,PU,213,88
LYCEE BARTHELEMY DE LAFFEMAS,GRENOBLE,PU,240,88
LYCEE DES GLIERES (GENERAL ET TECHNO.),GRENOBLE,PU,260,88
LYCEE CHARLES PONCET,GRENOBLE,PU,358,88
LYCEE SAINT JOSEPH,GRENOBLE,PR,134,88
LYCEE VAUCANSON (GENERAL ET TECHNO.),GRENOBLE,PU,124,88
LYCEE PHILIBERT DELORME (GENERAL ET TECHNO.),GRENOBLE,PU,255,88
LYCEE LA PLEIADE,GRENOBLE,PU,230,88
LYCEE DE L'EDIT,GRENOBLE,PU,156,88
LYCEE BRAS PANON (GENERAL ET TECHNO.),LA REUNION,PU,130,88
LYCEE AMBROISE VOLLARD,LA REUNION,PU,315,88
LYCEE JEAN BART,LILLE,PU,288,88
LYCEE PIERRE FOREST (GENERAL ET TECHNO.),LILLE,PU,273,88
LYCEE ARTHUR RIMBAUD,LILLE,PU,276,88
LYCEE LEONARD DE VINCI (GENERAL ET TECHNO.),LILLE,PU,264,88
LYCEE PIERRE DE COUBERTIN,LILLE,PU,262,88
LYCEE ANATOLE FRANCE,LILLE,PU,223,88
LYCEE DANTON,LIMOGES,PU,162,88
LYCEE PIERRE CARAMINOT,LIMOGES,PU,111,88
LYCEE XAVIER BICHAT (GENERAL ET TECHNO.),LYON,PU,129,88
LYCEE SAINTE ANNE,LYON,PR,36,88
LYCEE CENTRE SUD,MARTINIQUE,PU,212,88
LYCEE ALBERT EINSTEIN (GENERAL ET TECHNO.),MONTPELLIER,PU,422,88
LYCEE ALBERT CAMUS,MONTPELLIER,PU,327,88
LYCEE PHILIPPE LAMOUR,MONTPELLIER,PU,385,88
LYCEE FERDINAND FABRE,MONTPELLIER,PU,75,88
LYCEE ROSA LUXEMBURG (GENERAL ET TECHNO.),MONTPELLIER,PU,193,88
LYCEE FRANCOIS ARAGO,MONTPELLIER,PU,409,88
LYCEE ERNEST BICHAT,NANCY-METZ,PU,330,88
LYCEE JEAN-BAPTISTE VATELOT,NANCY-METZ,PR,27,88
LYCEE JACQUES CALLOT,NANCY-METZ,PU,245,88
LYCEE DE LA COMMUNICATION,NANCY-METZ,PU,200,88
LYCEE LOUIS DE CORMONTAIGNE (GENERAL ET TECHNO.),NANCY-METZ,PU,267,88
LYCEE JEAN-VICTOR PONCELET,NANCY-METZ,PU,415,88
LYCEE LOUIS LAPICQUE,NANCY-METZ,PU,432,88
LYCEE DU GOLFE DE SAINT TROPEZ (GENERAL ET TECHNO.),NICE,PU,297,88
LYCEE JEHAN DE BEAUCE,ORLEANS-TOURS,PU,345,88
LYCEE FULBERT,ORLEANS-TOURS,PU,330,88
LYCEE SILVIA MONFORT,ORLEANS-TOURS,PU,251,88
LYCEE LA PROVIDENCE (GENERAL ET TECHNO.),ORLEANS-TOURS,PR,122,88
LYCEE ARAGO,PARIS,PU,188,88
LYCEE RODIN,PARIS,PU,182,88
LYCEE DE LA MER ET DU LITTORAL,POITIERS,PU,81,88
LYCEE MARCEL DASSAULT,POITIERS,PU,80,88
LYCEE ALIENOR D AQUITAINE,POITIERS,PU,343,88
LYCEE SEVIGNE,REIMS,PU,341,88
LYCEE GASTON BACHELARD,REIMS,PU,122,88
LYCEE BLAISE PASCAL,REIMS,PU,44,88
LYCEE FREDERIC OZANAM (GENERAL ET TECHNO.),REIMS,PR,167,88
LYCEE FRANKLIN ROOSEVELT,REIMS,PU,363,88
LYCEE HUGUES LIBERGIER,REIMS,PU,337,88
LYCEE ST JOSEPH,RENNES,PR,67,88
LYCEE KERRAOUL (GENERAL ET TECHNO.),RENNES,PU,140,88
LYCEE JULES LESVEN,RENNES,PU,183,88
LYCEE STE ELISABETH,RENNES,PR,56,88
LYCEE ST MAGLOIRE,RENNES,PR,60,88
LYCEE STE GENEVIEVE,RENNES,PR,143,88
LYCEE LES RIMAINS,RENNES,PR,35,88
LYCEE COLBERT (GENERAL ET TECHNO.),RENNES,PU,212,88
LYCEE GUY DE MAUPASSANT,ROUEN,PU,362,88
LYCEE ALPHONSE HEINRICH,STRASBOURG,PU,124,88
LYCEE ORT,STRASBOURG,PR,44,88
LYCEE GABRIEL FAURE,TOULOUSE,PU,261,88
LYCEE PAUL MATHOU,TOULOUSE,PU,127,88
LYCEE L' ANNONCIATION,TOULOUSE,PR,50,88
LYCEE JEAN DUPUY,TOULOUSE,PU,98,88
LYCEE SAINT-ETIENNE,TOULOUSE,PR,52,88
LYCEE NOTRE-DAME,TOULOUSE,PR,105,88
LYCEE BOURDELLE,TOULOUSE,PU,445,88
LYCEE HENRI POINCARE,VERSAILLES,PU,94,88
LYCEE JACQUES PREVERT,VERSAILLES,PU,231,88
LYCEE MONTESQUIEU (GENERAL ET TECHNO.),VERSAILLES,PU,89,88
LYCEE GUSTAVE MONOD,VERSAILLES,PU,417,88
LYCEE EDMOND ROSTAND,VERSAILLES,PU,219,88
LYCEE JEAN PERRIN (GENERAL ET TECHNO.),VERSAILLES,PU,147,88
LYCEE CAMILLE CLAUDEL (GENERAL ET TECHNO.),VERSAILLES,PU,339,88
LYCEE LEONARD DE VINCI,VERSAILLES,PU,90,88
LYCEE VAUVENARGUES,AIX-MARSEILLE,PU,421,87
LYCEE MEDITERRANEE (DE LA ) (GENERAL ET TECHNO.),AIX-MARSEILLE,PU,178,87
LYCEE HONORE DAUMIER,AIX-MARSEILLE,PU,283,87
LYCEE CHARLES DE GAULLE (PLACE) (GENERAL ET TECHNO.),AIX-MARSEILLE,PU,138,87
LYCEE PIERRE DE LA RAMEE,AMIENS,PU,354,87
LYCEE FELIX FAURE,AMIENS,PU,373,87
LYCEE CHARLES DE GAULLE,AMIENS,PU,295,87
LYCEE MARIE CURIE,AMIENS,PU,364,87
LYCEE BOUCHER DE PERTHES,AMIENS,PU,375,87
LYCEE DU VIMEU,AMIENS,PU,157,87
LYCEE EDOUARD BELIN (GENERAL ET TECHNO.),BESANCON,PU,251,87
LYCEE JEANNE D'ARC,BESANCON,PR,31,87
LYCEE ANATOLE DE MONZIE,BORDEAUX,PU,142,87
LYCEE NICOLAS BREMONTIER,BORDEAUX,PU,224,87
LYCEE FRANCOIS MAURIAC,BORDEAUX,PU,353,87
LYCEE ODILON REDON,BORDEAUX,PU,189,87
LYCEE VALERY LARBAUD (GENERAL ET TECHNO.),CLERMONT-FERRAND,PU,80,87
LYCEE BLAISE DE VIGENERE,CLERMONT-FERRAND,PU,86,87
LYCEE SAINT EUGENE - SAINT JOSEPH (GENERAL ET TECHNO.),CLERMONT-FERRAND,PR,97,87
LYCEE SACRE COEUR,CLERMONT-FERRAND,PR,44,87
LYCEE CHARLES LE CHAUVE,CRETEIL,PU,454,87
LYCEE LOUISE MICHEL,CRETEIL,PU,217,87
LYCEE PAUL DOUMER (GENERAL ET TECHNO.),CRETEIL,PU,201,87
LYCEE GUILLAUME BUDE (GENERAL ET TECHNO.),CRETEIL,PU,365,87
LYCEE LOUIS ARMAND (GENERAL ET TECHNO.),CRETEIL,PU,133,87
LYCEE ROMAIN ROLLAND (GENERAL ET TECHNO.),DIJON,PU,83,87
LYCEE BOISSY D'ANGLAS,GRENOBLE,PU,229,87
LYCEE HENRI LAURENS,GRENOBLE,PU,114,87
LYCEE JULES ALGOUD,GRENOBLE,PU,131,87
LYCEE CHARLES COEFFIN (GENERAL ET TECHNO.),GUADELOUPE,PU,279,87
LYCEE MAITRISE DE MASSABIELLE,GUADELOUPE,PR,144,87
LYCEE NORD BASSE TERRE,GUADELOUPE,PU,183,87
LYCEE DE ST PAUL 4 (GENERAL ET TECHNO.),LA REUNION,PU,195,87
LYCEE DE BOIS D'OLIVE (GENERAL ET TECHNO.),LA REUNION,PU,164,87
LYCEE BEL AIR,LA REUNION,PU,122,87
LYCEE PAUL DUEZ,LILLE,PU,314,87
LYCEE VAUBAN,LILLE,PR,88,87
LYCEE DUPLEIX,LILLE,PU,164,87
LYCEE PRIVE AVERROES,LILLE,PR,43,87
LYCEE LA SAGESSE,LILLE,PR,123,87
LYCEE JAN LAVEZZARI,LILLE,PU,210,87
LYCEE EDOUARD BRANLY (GENERAL ET TECHNO.),LILLE,PU,261,87
LYCEE ALBERT CAMUS,LYON,PU,278,87
LYCEE TEZENAS DU MONTCEL,LYON,PR,128,87
LYCEE BELMONT-CAPDEPON,LYON,PR,117,87
LYCEE COLBERT,LYON,PU,110,87
LYCEE FREDERIC FAYS,LYON,PU,207,87
LYCEE DENIS DIDEROT,MONTPELLIER,PU,449,87
LYCEE JEAN-BAPTISTE DUMAS (GENERAL ET TECHNO.),MONTPELLIER,PU,357,87
LYCEE ANDRE CHAMSON (GENERAL ET TECHNO.),MONTPELLIER,PU,116,87
LYCEE GENEVIEVE DE GAULLE-ANTHONIOZ (GENERAL ET TECHNO.),MONTPELLIER,PU,401,87
LYCEE ST VINCENT DE PAUL (GENERAL ET TECHNO.),MONTPELLIER,PR,158,87
LYCEE JEAN MERMOZ (GENERAL ET TECHNO.),MONTPELLIER,PU,613,87
LYCEE PABLO PICASSO (GENERAL ET TECHNO.),MONTPELLIER,PU,399,87
LYCEE SAINT MICHEL,NANCY-METZ,PR,20,87
LYCEE ALFRED MEZIERES,NANCY-METZ,PU,340,87
LYCEE FELIX MAYER (GENERAL ET TECHNO.),NANCY-METZ,PU,221,87
LYCEE CHARLES HERMITE (GENERAL ET TECHNO.),NANCY-METZ,PU,191,87
LYCEE NOTRE DAME,NANCY-METZ,PR,50,87
LYCEE JEAN LURCAT,NANCY-METZ,PU,146,87
LYCEE PIERRE ET MARIE CURIE (GENERAL ET TECHNO.),NANCY-METZ,PU,175,87
LYCEE BRISTOL,NICE,PU,338,87
LYCEE CARNOT,NICE,PU,347,87
LYCEE GUILLAUME APOLLINAIRE,NICE,PU,427,87
LYCEE RAYNOUARD (GENERAL ET TECHNO.),NICE,PU,347,87
LYCEE LORGUES,NICE,PU,272,87
LYCEE PIERRE ET MARIE CURIE,ORLEANS-TOURS,PU,372,87
LYCEE BERNARD PALISSY,ORLEANS-TOURS,PU,262,87
LYCEE GAUDIER-BRZESKA,ORLEANS-TOURS,PU,63,87
LYCEE CAMILLE SEE,PARIS,PU,169,87
LYCEE HEIKHAL MENAHEM SINAI,PARIS,PR,24,87
LYCEE EMILE ROUX (GENERAL ET TECHNO.),POITIERS,PU,151,87
LYCEE JEAN HYPPOLITE,POITIERS,PU,183,87
LYCEE ST BERNARD,REIMS,PR,86,87
LYCEE CHRESTIEN DE TROYES,REIMS,PU,327,87
LYCEE CHAPTAL,RENNES,PU,47,87
LYCEE PIERRE GUEGUIN,RENNES,PU,130,87
LYCEE DU LEON,RENNES,PU,124,87
LYCEE JEAN MACE (GENERAL ET TECHNO.),RENNES,PU,158,87
LYCEE JEANNE D'ARC - SAINT-ANSELME,ROUEN,PR,66,87
LYCEE JEAN-BAPTISTE DECRETOT,ROUEN,PU,33,87
LYCEE LES FONTENELLES,ROUEN,PU,315,87
LYCEE MARC BLOCH,ROUEN,PU,202,87
LYCEE LA PROVIDENCE,ROUEN,PR,58,87
LYCEE JULES SIEGFRIED,ROUEN,PU,106,87
LYCEE LA CHATAIGNERAIE (GENERAL ET TECHNO.),ROUEN,PR,61,87
LYCEE GUILLAUME LE CONQUERANT,ROUEN,PU,396,87
LYCEE,TOULOUSE,PU,135,87
LYCEE MARECHAL SOULT,TOULOUSE,PU,136,87
LYCEE L ESSOURIAU (GENERAL ET TECHNO.),VERSAILLES,PU,320,87
LYCEE ROSA PARKS,VERSAILLES,PU,660,87
LYCEE MARGUERITE YOURCENAR (GENERAL ET TECHNO.),VERSAILLES,PU,195,87
LYCEE GALILEE,VERSAILLES,PU,297,87
LYCEE JEAN-JACQUES ROUSSEAU,VERSAILLES,PU,286,87
LYCEE CAMILLE PISSARRO,VERSAILLES,PU,358,87
LYCEE PAUL ARENE,AIX-MARSEILLE,PU,179,86
LYCEE STE CATHERINE DE SIENNE,AIX-MARSEILLE,PR,29,86
LYCEE STE MARIE,AIX-MARSEILLE,PR,41,86
LYCEE MONTMAJOUR,AIX-MARSEILLE,PU,169,86
LYCEE PASQUET,AIX-MARSEILLE,PU,314,86
LYCEE AUGUSTE ET LOUIS LUMIERE (GENERAL ET TECHNO.),AIX-MARSEILLE,PU,277,86
LYCEE ST JEAN,AIX-MARSEILLE,PR,62,86
LYCEE LUCIE AUBRAC,AIX-MARSEILLE,PU,169,86
LYCEE PAUL CLAUDEL,AMIENS,PU,288,86
LYCEE SAINT REMY,AMIENS,PR,133,86
LYCEE ST VINCENT DE PAUL,AMIENS,PR,26,86
LYCEE ST VINCENT DE PAUL,AMIENS,PR,24,86
LYCEE SACRE COEUR,AMIENS,PR,152,86
LYCEE PIERRE MENDES FRANCE,AMIENS,PU,186,86
LYCEE PASTEUR MONT ROLAND (GENERAL ET TECHNO.),BESANCON,PR,99,86
LYCEE VICTOR BERARD,BESANCON,PU,114,86
LYCEE RAOUL FOLLEREAU,BESANCON,PU,314,86
LYCEE STE MARTHE - ST FRONT,BORDEAUX,PR,65,86
LYCEE LEONARD DE VINCI,BORDEAUX,PU,51,86
LYCEE STE FAMILLE SAINTONGE,BORDEAUX,PR,54,86
LYCEE PHILIPPE COUSTEAU,BORDEAUX,PU,134,86
LYCEE HOTEL.TOURISME GASCOGNE,BORDEAUX,PU,79,86
LYCEE NOTRE DAME LA COMPASSION,BORDEAUX,PR,71,86
LYCEE MARGUERITE DE NAVARRE,CAEN,PU,268,86
LYCEE SAINTE PROCULE,CLERMONT-FERRAND,PR,28,86
LYCEE GODEFROY DE BOUILLON,CLERMONT-FERRAND,PR,217,86
LYCEE SIDOINE APOLLINAIRE,CLERMONT-FERRAND,PU,327,86
LYCEE SAINT PIERRE,CLERMONT-FERRAND,PR,28,86
LYCEE GASTON BACHELARD,CRETEIL,PU,315,86
LYCEE DE LA MARE CARREE (GENERAL ET TECHNO.),CRETEIL,PU,180,86
LYCEE GERARD DE NERVAL (GENERAL ET TECHNO.),CRETEIL,PU,173,86
LYCEE JEAN ZAY,CRETEIL,PU,331,86
LYCEE SACRE COEUR  NOTRE DAME,GRENOBLE,PR,76,86
LYCEE DU DAUPHINE,GRENOBLE,PU,141,86
LYCEE LOUISE MICHEL,GRENOBLE,PU,306,86
LYCEE LAMA PREVOT (GENERAL ET TECHNO.),GUYANE,PU,113,86
LYCEE DE VINCENDO (GENERAL ET TECHNO.),LA REUNION,PU,149,86
LYCEE PIERRE POIVRE,LA REUNION,PU,239,86
LYCEE SAINTE JEANNE D'ARC,LILLE,PR,30,86
LYCEE DEFOREST DE LEWARDE,LILLE,PR,75,86
LYCEE LOUIS PASTEUR,LILLE,PU,203,86
LYCEE CARNOT (GENERAL ET TECHNO.),LILLE,PU,306,86
LYCEE CLAUDE LEBOIS,LYON,PU,195,86
LYCEE LACASSAGNE,LYON,PU,174,86
LYCEE CONDORCET,LYON,PU,364,86
LYCEE JOSEPH ZOBEL (GENERAL ET TECHNO.),MARTINIQUE,PU,181,86
LYCEE SAINT LOUIS (GENERAL ET TECHNO.),MONTPELLIER,PR,61,86
LYCEE ST JOSEPH PIERRE ROUGE,MONTPELLIER,PR,122,86
LYCEE JEAN MONNET,MONTPELLIER,PU,464,86
LYCEE JULES GUESDE (GENERAL ET TECHNO.),MONTPELLIER,PU,206,86
LYCEE IRENE ET FREDERIC JOLIOT CURIE,MONTPELLIER,PU,258,86
LYCEE L'ASSOMPTION,NANCY-METZ,PR,53,86
LYCEE JEAN ZAY (GENERAL ET TECHNO.),NANCY-METZ,PU,153,86
LYCEE SAINT PIERRE FOURIER,NANCY-METZ,PR,34,86
LYCEE SAINT LEON IX,NANCY-METZ,PR,34,86
LYCEE HENRI NOMINE,NANCY-METZ,PU,188,86
LYCEE ET DES TECHNO INNOV. C. JULLY,NANCY-METZ,PU,216,86
LYCEE MAURICE JANETTI (GENERAL ET TECHNO.),NICE,PU,291,86
LYCEE JEAN MOULIN,ORLEANS-TOURS,PU,195,86
LYCEE CLAUDE DE FRANCE,ORLEANS-TOURS,PU,310,86
LYCEE DURZY,ORLEANS-TOURS,PU,238,86
LYCEE HONORE DE BALZAC,PARIS,PU,268,86
LYCEE EMILE COMBES (GENERAL ET TECHNO.),POITIERS,PU,163,86
LYCEE GUY CHAUVET,POITIERS,PU,116,86
LYCEE ISAAC DE L'ETOILE (FEUILLANTS),POITIERS,PR,101,86
LYCEE VAUBAN,REIMS,PU,65,86
LYCEE F. ET I. JOLIOT CURIE,REIMS,PU,285,86
LYCEE LES LOMBARDS,REIMS,PU,168,86
LYCEE GODART ROGER (GENERAL ET TECHNO.),REIMS,PU,171,86
LYCEE DUPUY DE LOME (GENERAL ET TECHNO.),RENNES,PU,111,86
LYCEE MODESTE LEROY,ROUEN,PU,183,86
LYCEE SAINT-FRANCOIS DE SALES,ROUEN,PR,165,86
LYCEE SAINT-OUEN,ROUEN,PR,70,86
LYCEE PORTE DE NORMANDIE,ROUEN,PU,191,86
LYCEE PABLO NERUDA,ROUEN,PU,104,86
LYCEE GEORGES BRASSENS (GENERAL ET TECHNO.),ROUEN,PU,190,86
LYCEE JEANNE D'ARC (GENERAL ET TECHNO.),ROUEN,PR,221,86
LYCEE ANDRE MAUROIS,STRASBOURG,PU,223,86
LYCEE LOUIS COUFFIGNAL,STRASBOURG,PU,151,86
LYCEE LOUIS PASTEUR,STRASBOURG,PU,260,86
LYCEE LAMBERT,STRASBOURG,PU,184,86
LYCEE JEAN JAURES,TOULOUSE,PU,70,86
LYCEE FRANCOIS TRUFFAUT (GENERAL ET TECHNO.),VERSAILLES,PU,282,86
LYCEE ALFRED KASTLER (GENERAL ET TECHNO.),VERSAILLES,PU,83,86
LYCEE LEONARD DE VINCI (GENERAL ET TECHNO.),VERSAILLES,PU,223,86
LYCEE ALFRED KASTLER,VERSAILLES,PU,202,86
LYCEE GEORGE SAND (GENERAL ET TECHNO.),VERSAILLES,PU,372,86
LYCEE LOUIS JOUVET (GENERAL ET TECHNO.),VERSAILLES,PU,268,86
LYCEE LOUISE WEISS (GENERAL ET TECHNO.),VERSAILLES,PU,215,86
LYCEE DUMONT D URVILLE (GENERAL ET TECHNO.),VERSAILLES,PU,161,86
LYCEE LES ISCLES (GENERAL ET TECHNO.),AIX-MARSEILLE,PU,120,85
LYCEE EMILE ZOLA,AIX-MARSEILLE,PU,370,85
LYCEE FREDERIC JOLIOT-CURIE,AIX-MARSEILLE,PU,427,85
LYCEE CHIMIE ET BIOLOGIE LA FORBINE,AIX-MARSEILLE,PR,40,85
LYCEE ANTONIN ARTAUD,AIX-MARSEILLE,PU,397,85
LYCEE ALPHONSE DAUDET,AIX-MARSEILLE,PU,238,85
LYCEE ST JEAN BAPTISTE DE LA SALLE,AIX-MARSEILLE,PR,48,85
LYCEE GAY LUSSAC,AMIENS,PU,378,85
LYCEE SEVIGNE,AMIENS,PR,21,85
LYCEE SAINT REMI,AMIENS,PR,183,85
LYCEE ELIE FAURE,BORDEAUX,PU,335,85
LYCEE JULES VERNE,CAEN,PU,42,85
LYCEE JEANNE D ARC,CAEN,PR,36,85
LYCEE LA CHARTREUSE PARADIS,CLERMONT-FERRAND,PR,69,85
LYCEE SAINTE THECLE,CLERMONT-FERRAND,PR,175,85
LYCEE JEAN PAUL DE ROCCA SERRA (GENERAL ET TECHNO.),CORSE,PU,147,85
LYCEE PASCAL PAOLI,CORSE,PU,73,85
LYCEE JEHAN DE CHELLES,CRETEIL,PU,189,85
LYCEE HENRI BECQUEREL (GENERAL ET TECHNO.),CRETEIL,PU,161,85
LYCEE NICOLAS-JOSEPH CUGNOT,CRETEIL,PU,39,85
LYCEE ROBERT SCHUMAN (GENERAL ET TECHNO.),CRETEIL,PU,157,85
LYCEE PABLO PICASSO,CRETEIL,PU,275,85
LYCEE ROMAIN ROLLAND,CRETEIL,PU,251,85
LYCEE EMILAND GAUTHEY (GENERAL ET TECHNO.),DIJON,PU,146,85
LYCEE ROGER DESCHAUX,GRENOBLE,PU,89,85
LYCEE GERVILLE REACHE,GUADELOUPE,PU,405,85
LYCEE DE TROIS BASSINS (GENERAL ET TECHNO.),LA REUNION,PU,174,85
LYCEE MAHATMA GANDHI,LA REUNION,PU,221,85
LYCEE JEAN JOLY (GENERAL ET TECHNO.),LA REUNION,PU,181,85
LYCEE LE VERGER,LA REUNION,PU,289,85
LYCEE ALFRED KASTLER,LILLE,PU,166,85
LYCEE DU NOORDOVER,LILLE,PU,338,85
LYCEE SAINT MARTIN,LILLE,PR,93,85
LYCEE HENRI DARRAS,LILLE,PU,361,85
LYCEE ALBERT CAMUS,LYON,PU,298,85
LYCEE PIERRE BROSSOLETTE,LYON,PU,298,85
LYCEE JULES FIL,MONTPELLIER,PU,382,85
LYCEE JACQUES PREVERT (GENERAL ET TECHNO.),MONTPELLIER,PU,229,85
LYCEE JEAN MOULIN,MONTPELLIER,PU,519,85
LYCEE RENE GOSSE,MONTPELLIER,PU,186,85
LYCEE JEAN LURCAT (GENERAL ET TECHNO.),MONTPELLIER,PU,334,85
LYCEE ARISTIDE MAILLOL (GENERAL ET TECHNO.),MONTPELLIER,PU,356,85
LYCEE HOTEL RESTO LEON BLUM,MONTPELLIER,PU,28,85
LYCEE LOUIS BERTRAND,NANCY-METZ,PU,297,85
LYCEE JACQUES-MARIE BOUTET DE MONVEL (GENERAL ET TECHNO.),NANCY-METZ,PU,52,85
LYCEE GEORGES DE LA TOUR,NANCY-METZ,PU,113,85
LYCEE ANTOINE DE SAINT-EXUPERY,NANCY-METZ,PU,277,85
LYCEE LA MISERICORDE,NANCY-METZ,PR,50,85
LYCEE LA BRIQUERIE (GENERAL ET TECHNO.),NANCY-METZ,PU,110,85
LYCEE GEORGES CLEMENCEAU,NANTES,PU,70,85
LYCEE JACQUES AUDIBERTI,NICE,PU,367,85
LYCEE LES FAUVETTES,NICE,PR,54,85
LYCEE PIERRE-EMILE MARTIN,ORLEANS-TOURS,PU,100,85
LYCEE ROTROU,ORLEANS-TOURS,PU,412,85
LYCEE SAINT-SULPICE,PARIS,PR,154,85
LYCEE GABRIEL FAURE,PARIS,PU,190,85
LYCEE PAUL BERT,PARIS,PU,136,85
LYCEE MONGE,REIMS,PU,217,85
LYCEE FRANCOIS BAZIN,REIMS,PU,138,85
LYCEE PAUL VERLAINE,REIMS,PU,141,85
LYCEE LA SALLE,REIMS,PR,53,85
LYCEE ST J-B DE LA SALLE,REIMS,PR,75,85
LYCEE PIERRE MENDES FRANCE,RENNES,PU,87,85
LYCEE LES TOURELLES (GENERAL ET TECHNO.),ROUEN,PR,50,85
LYCEE SACRE-COEUR,ROUEN,PR,89,85
LYCEE MONTALEMBERT LES MARISTES (GENERAL ET TECHNO.),TOULOUSE,PR,57,85
LYCEE JEANNE D'ARC,TOULOUSE,PR,62,85
LYCEE EDMOND MICHELET,VERSAILLES,PU,314,85
LYCEE MARCEL PAGNOL,VERSAILLES,PU,338,85
LYCEE ALBERT EINSTEIN,VERSAILLES,PU,275,85
LYCEE NEWTON-ENREA (GENERAL ET TECHNO.),VERSAILLES,PU,203,85
LYCEE LA SALLE ST NICOLAS,VERSAILLES,PR,59,85
LYCEE STE TRINITE,AIX-MARSEILLE,PR,46,84
LYCEE SAINT CHARLES,AIX-MARSEILLE,PU,326,84
LYCEE PHILIPPE DE GIRARD,AIX-MARSEILLE,PU,167,84
LYCEE GERARD DE NERVAL,AMIENS,PU,309,84
LYCEE CONDORCET,AMIENS,PU,242,84
LYCEE JEAN MONNET,AMIENS,PU,300,84
LYCEE JACQUES DUHAMEL (GENERAL ET TECHNO.),BESANCON,PU,191,84
LYCEE DU MIRAIL,BORDEAUX,PR,228,84
LYCEE AMBROISE BRUGIERE,CLERMONT-FERRAND,PU,256,84
LYCEE RENE DESCARTES (GENERAL ET TECHNO.),CRETEIL,PU,173,84
LYCEE SAMUEL BECKETT,CRETEIL,PU,147,84
LYCEE CHARLES DE GAULLE,CRETEIL,PU,289,84
LYCEE PIERRE DE COUBERTIN,CRETEIL,PU,350,84
LYCEE LES PANNEVELLES,CRETEIL,PU,127,84
LYCEE MAXIMILIEN SORRE,CRETEIL,PU,228,84
LYCEE SAINT ANDRE,CRETEIL,PR,58,84
LYCEE DARIUS MILHAUD (GENERAL ET TECHNO.),CRETEIL,PU,269,84
LYCEE SAINT ETIENNE (GENERAL ET TECHNO.),DIJON,PR,85,84
LYCEE LES TROIS SOURCES,GRENOBLE,PU,218,84
LYCEE SAINT LOUIS,GRENOBLE,PR,27,84
LYCEE JARDIN D'ESSAI,GUADELOUPE,PU,271,84
LYCEE BOISJOLY POTIER (GENERAL ET TECHNO.),LA REUNION,PU,157,84
LYCEE DE BRAS FUSIL (GENERAL ET TECHNO.),LA REUNION,PU,114,84
LYCEE SAINTE THERESE,LILLE,PR,71,84
LYCEE CAMILLE DESMOULINS (GENERAL ET TECHNO.),LILLE,PU,74,84
LYCEE HELENE BOUCHER,LILLE,PR,63,84
LYCEE,LILLE,PU,290,84
LYCEE EIC JEHANNE D'ARC,LILLE,PR,40,84
LYCEE ANDRE MALRAUX,LILLE,PU,186,84
LYCEE FERNAND DARCHICOURT,LILLE,PU,511,84
LYCEE SAINT JOSEPH,LILLE,PR,139,84
LYCEE DE L'AA,LILLE,PU,93,84
LYCEE SUZANNE VALADON (GENERAL ET TECHNO.),LIMOGES,PU,328,84
LYCEE PAUL PAINLEVE (GENERAL ET TECHNO.),LYON,PU,142,84
LYCEE DU NORD CARAIBE (GENERAL ET TECHNO.),MARTINIQUE,PU,92,84
LYCEE ACAJOU 2 (GENERAL ET TECHNO.),MARTINIQUE,PU,239,84
LYCEE MONTGERALD,MARTINIQUE,PU,215,84
LYCEE ERNEST HEMINGWAY (GENERAL ET TECHNO.),MONTPELLIER,PU,271,84
LYCEE SAINTE-LOUISE-DE-MARILLAC (GENERAL ET TECHNO.),MONTPELLIER,PR,44,84
LYCEE CHARLES RENOUVIER (GENERAL ET TECHNO.),MONTPELLIER,PU,193,84
LYCEE JEAN MOULIN,NANCY-METZ,PU,211,84
LYCEE ROBERT SCHUMAN,NANCY-METZ,PU,324,84
LYCEE GUSTAVE EIFFEL,NANCY-METZ,PU,100,84
LYCEE JEAN-BAPTISTE COLBERT,NANCY-METZ,PU,307,84
LYCEE BENJAMIN FRANKLIN (GENERAL ET TECHNO.),ORLEANS-TOURS,PU,290,84
LYCEE TURGOT,PARIS,PU,199,84
LYCEE DORIAN,PARIS,PU,105,84
LYCEE GEORGES BRIERE,REIMS,PU,73,84
LYCEE NOTRE DAME DE CAMPOSTAL,RENNES,PR,93,84
LYCEE LOUISE MICHEL,ROUEN,PU,266,84
LYCEE ANDRE MAUROIS,ROUEN,PU,322,84
LYCEE SAINT-JOSEPH DE CLUNY,STRASBOURG,PR,21,84
LYCEE NOTRE-DAME DE GARAISON (GENERAL ET TECHNO.),TOULOUSE,PR,32,84
LYCEE SAINT-JOSEPH DE L'APPARITION,TOULOUSE,PR,36,84
LYCEE JEAN PIERRE TIMBAUD (GENERAL ET TECHNO.),VERSAILLES,PU,285,84
LYCEE ROBERT DOISNEAU,VERSAILLES,PU,491,84
LYCEE MAURICE ELIOT,VERSAILLES,PU,124,84
LYCEE EUGENE IONESCO (GENERAL ET TECHNO.),VERSAILLES,PU,163,84
LYCEE EVARISTE GALOIS (GENERAL ET TECHNO.),VERSAILLES,PU,176,84
LYCEE CAMILLE SAINT-SAENS,VERSAILLES,PU,344,84
LYCEE PAUL-EMILE VICTOR (GENERAL ET TECHNO.),VERSAILLES,PU,152,84
LYCEE CONDORCET (GENERAL ET TECHNO.),VERSAILLES,PU,186,84
LYCEE LEOPOLD SEDAR SENGHOR (GENERAL ET TECHNO.),VERSAILLES,PU,240,84
LYCEE ST EXUPERY,VERSAILLES,PU,296,84
LYCEE JULES FERRY (GENERAL ET TECHNO.),VERSAILLES,PU,233,84
LYCEE JEAN PERRIN (GENERAL ET TECHNO.),AIX-MARSEILLE,PU,369,83
LYCEE JEAN COCTEAU,AIX-MARSEILLE,PU,199,83
LYCEE JEAN MONNET (GENERAL ET TECHNO.),AIX-MARSEILLE,PU,258,83
LYCEE FREDERIC ET IRENE JOLIOT CURIE,AMIENS,PU,172,83
LYCEE CONDORCET,AMIENS,PU,297,83
LYCEE JEAN CALVIN,AMIENS,PU,338,83
LYCEE EDOUARD BRANLY,AMIENS,PU,123,83
LYCEE NOTRE DAME,BORDEAUX,PR,69,83
LYCEE STE CATHERINE,BORDEAUX,PR,51,83
INSTITUT LEMONNIER,CAEN,PR,40,83
LYCEE DE BALAGNE (GENERAL ET TECHNO.),CORSE,PU,102,83
LYCEE MAXIMILIEN PERRET,CRETEIL,PU,145,83
LYCEE JEAN MACE,CRETEIL,PU,291,83
LYCEE CATHOLIQUE CHALONNAIS (GENERAL ET TECHNO.),DIJON,PR,106,83
LYCEE ASTIER (GENERAL ET TECHNO.),GRENOBLE,PU,46,83
LYCEE GUILLAUME FICHET (GENERAL ET TECHNO.),GRENOBLE,PU,214,83
LYCEE JEAN HINGLO,LA REUNION,PU,211,83
LYCEE AMIRAL PIERRE BOUVET,LA REUNION,PU,321,83
LYCEE LISLET GEOFFROY,LA REUNION,PU,263,83
LYCEE JEAN-BAPTISTE COROT,LILLE,PU,279,83
LYCEE BEAUPRE (GENERAL ET TECHNO.),LILLE,PU,237,83
LYCEE VALENTINE LABBE (GENERAL ET TECHNO.),LILLE,PU,278,83
LYCEE EIC MARIE NOEL,LILLE,PR,83,83
LYCEE LAVOISIER,LILLE,PU,92,83
LYCEE DIDEROT,LILLE,PU,179,83
LYCEE JEAN MONNET,LYON,PU,140,83
LYCEE MARCEL SEMBAT,LYON,PU,127,83
LYCEE DHUODA,MONTPELLIER,PU,257,83
LYCEE JULES FERRY,NANCY-METZ,PU,271,83
LYCEE BLAISE PASCAL (GENERAL ET TECHNO.),ORLEANS-TOURS,PU,193,83
LYCEE SIMONE WEIL,PARIS,PU,110,83
LYCEE LA FONTAINE DU VE,REIMS,PU,104,83
LYCEE COUBERTIN,ROUEN,PU,62,83
LYCEE LOUIS ARMAND,STRASBOURG,PU,275,83
LYCEE AUGUSTE RENOIR,VERSAILLES,PU,298,83
LYCEE JEAN MONNET (GENERAL ET TECHNO.),VERSAILLES,PU,319,83
LYCEE MAURICE GENEVOIX,AIX-MARSEILLE,PU,182,82
LYCEE CHARLES PEGUY,AIX-MARSEILLE,PR,105,82
LYCEE DON BOSCO,AIX-MARSEILLE,PR,47,82
LYCEE PASTRE - GRANDE BASTIDE,AIX-MARSEILLE,PR,30,82
LYCEE MARIE GASQUET,AIX-MARSEILLE,PR,27,82
LYCEE MARIE CURIE,AIX-MARSEILLE,PU,205,82
LYCEE MARCEL PAGNOL,AIX-MARSEILLE,PU,274,82
LYCEE SACRE COEUR,AMIENS,PR,32,82
LYCEE NOTRE DAME DES ANGES,BESANCON,PR,74,82
LYCEE GEORGES CLEMENCEAU (GENERAL ET TECHNO.),CORSE,PU,78,82
LYCEE GUSTAVE EIFFEL,CRETEIL,PU,329,82
LYCEE RENE CASSIN (GENERAL ET TECHNO.),CRETEIL,PU,24,82
LYCEE JEAN ROSTAND (GENERAL ET TECHNO.),CRETEIL,PU,304,82
LYCEE ANDRE  ARGOUGES,GRENOBLE,PU,131,82
LYCEE BAIMBRIDGE,GUADELOUPE,PU,428,82
LYCEE NORD GRANDE TERRE (GENERAL ET TECHNO.),GUADELOUPE,PU,130,82
LYCEE DE L'EUROPE,LILLE,PU,262,82
LYCEE CONDORCET,LILLE,PU,213,82
LYCEE VOLTAIRE,LILLE,PU,293,82
LYCEE AUGUSTE ET LOUIS LUMIERE,LYON,PU,276,82
LYCEE FRANCOIS ANDREOSSY,MONTPELLIER,PU,49,82
LYCEE SAINT JOSEPH-LA PROVIDENCE,NANCY-METZ,PR,78,82
LYCEE SAINT ANDRE,NANCY-METZ,PR,23,82
LYCEE CONDORCET,NANCY-METZ,PU,131,82
LYCEE EMILE DUBOIS,PARIS,PU,137,82
LYCEE SAINT PAUL (GENERAL ET TECHNO.),REIMS,PR,58,82
LYCEE PIERRE BAYLE,REIMS,PU,211,82
LYCEE THOMAS MASARYK,REIMS,PU,86,82
LYCEE MARIE DE CHAMPAGNE,REIMS,PU,303,82
LYCEE EDME BOUCHARDON,REIMS,PU,204,82
LYCEE STE THERESE,RENNES,PR,68,82
LYCEE JEAN MOULIN (GENERAL ET TECHNO.),ROUEN,PU,64,82
LYCEE VALLEE DU CAILLY,ROUEN,PU,256,82
LYCEE DU GOLF (GENERAL ET TECHNO.),ROUEN,PU,109,82
LYCEE FERDINAND BUISSON,ROUEN,PU,112,82
LYCEE LES BRUYERES,ROUEN,PU,292,82
ECOLE COMMERCIALE PRIVEE,STRASBOURG,PR,22,82
LYCEE JEAN MONNET,STRASBOURG,PU,238,82
LYCEE RENE CASSIN,STRASBOURG,PU,161,82
LYCEE GUSTAVE EIFFEL,STRASBOURG,PU,46,82
LYCEE NOTRE-DAME,TOULOUSE,PR,50,82
LYCEE SAINTE-THERESE (GENERAL ET TECHNO.),TOULOUSE,PR,41,82
LYCEE MAURICE GENEVOIX,VERSAILLES,PU,235,82
LYCEE DE L HAUTIL (GENERAL ET TECHNO.),VERSAILLES,PU,145,82
LYCEE ST VINCENT DE PAUL,AIX-MARSEILLE,PR,124,81
LYCEE MONTGRAND,AIX-MARSEILLE,PU,255,81
LYCEE JEAN MACE,AMIENS,PU,42,81
LYCEE CASSINI,AMIENS,PU,406,81
LYCEE JEAN RACINE,AMIENS,PU,223,81
LYCEE JEAN CONDORCET,BORDEAUX,PU,199,81
LYCEE LES IRIS (GENERAL ET TECHNO.),BORDEAUX,PU,143,81
LYCEE ARCISSE DE CAUMONT,CAEN,PU,130,81
INSTITUTION SAINT-PAUL,CORSE,PR,64,81
LYCEE PAUL VINCENSINI,CORSE,PU,221,81
LYCEE LEONARD DE VINCI,CRETEIL,PU,142,81
LYCEE CLEMENT ADER (GENERAL ET TECHNO.),CRETEIL,PU,82,81
LYCEE CONDORCET,CRETEIL,PU,112,81
LYCEE JEAN JAURES,CRETEIL,PU,358,81
LYCEE CHARLES DE GAULLE,CRETEIL,PU,189,81
LYCEE MARX DORMOY,CRETEIL,PU,138,81
LYCEE GEORGES BRASSENS (GENERAL ET TECHNO.),CRETEIL,PU,215,81
LYCEE POINTE NOIRE (GENERAL ET TECHNO.),GUADELOUPE,PU,96,81
LYCEE STE ANNE,GUADELOUPE,PU,308,81
LYCEE JULES MOUSSERON,LILLE,PU,188,81
LYCEE JEAN PROUVE,LILLE,PU,82,81
LYCEE ERNEST COUTEAUX (GENERAL ET TECHNO.),LILLE,PU,194,81
LYCEE DAMPIERRE,LILLE,PR,68,81
LYCEE PABLO PICASSO (GENERAL ET TECHNO.),LILLE,PU,81,81
LYCEE MARGUERITE YOURCENAR,LILLE,PU,220,81
LYCEE JULIETTE RÉCAMIER,LYON,PU,170,81
LYCEE VICTOR SCHOELCHER,MARTINIQUE,PU,339,81
LYCEE SAINTE ANNE,NANCY-METZ,PR,61,81
LYCEE SAINT VINCENT DE PAUL,NANCY-METZ,PR,55,81
LYCEE EDGAR QUINET (GENERAL ET TECHNO.),PARIS,PU,134,81
LYCEE JEAN LURCAT (GENERAL ET TECHNO.),PARIS,PU,119,81
CITE TECHNIQUE EDOUARD BRANLY,POITIERS,PU,145,81
LYCEE COLBERT,REIMS,PU,92,81
LYCEE VAL DE SEINE,ROUEN,PU,358,81
LYCEE PARC DES LOGES,VERSAILLES,PU,417,81
LYCEE LE SACRE COEUR,AIX-MARSEILLE,PR,44,80
LYCEE ST ELOI,AIX-MARSEILLE,PR,64,80
LYCEE LEONARD DE VINCI,AMIENS,PU,110,80
LYCEE PAUL LANGEVIN,AMIENS,PU,208,80
LYCEE MIREILLE GRENET,AMIENS,PU,208,80
LYCEE LE BEAU RAMEAU BETHARRAM,BORDEAUX,PR,26,80
LYCEE ET COLLEGE EXP,CAEN,PU,50,80
LYCEE EUGENIE COTTON,CRETEIL,PU,80,80
LYCEE EDOUARD BRANLY (GENERAL ET TECHNO.),CRETEIL,PU,77,80
LYCEE EMMANUEL  MOUNIER,GRENOBLE,PU,172,80
LYCEE HYACINTHE BASTARAUD (GENERAL ET TECHNO.),GUADELOUPE,PU,60,80
LYCEE GASTON MONNERVILLE,GUYANE,PU,231,80
LYCEE ANTOINE ROUSSIN,LA REUNION,PU,208,80
LYCEE EUGENE THOMAS (GENERAL ET TECHNO.),LILLE,PU,141,80
LYCEE GUY MOLLET (GENERAL ET TECHNO.),LILLE,PU,412,80
LYCEE ADVENTISTE RAMA (GENERAL ET TECHNO.),MARTINIQUE,PR,90,80
LYCEE SAINTE CHRETIENNE,NANCY-METZ,PR,28,80
LYCEE SAINTE CHRETIENNE,NANCY-METZ,PR,43,80
LYCEE LA PROVIDENCE,NICE,PR,59,80
LYCEE DIDEROT (GENERAL ET TECHNO.),PARIS,PU,110,80
LYCEE ST EXUPERY,REIMS,PU,190,80
LYCEE FRANCOIS ARAGO,REIMS,PU,94,80
LYCEE AUGUSTE PERRET,ROUEN,PU,34,80
LYCEE LE CORBUSIER,ROUEN,PU,101,80
LYCEE ALBERT SCHWEITZER,STRASBOURG,PU,299,80
LYCEE LOUISE WEISS (GENERAL ET TECHNO.),STRASBOURG,PU,35,80
LYCEE DE L'ARROUZA,TOULOUSE,PU,20,80
LYCEE GASPARD MONGE,VERSAILLES,PU,117,80
LYCEE GALILEE,VERSAILLES,PU,181,80
LYCEE JEAN JAURES (GENERAL ET TECHNO.),VERSAILLES,PU,221,80
LYCEE HENRI LEROY,AIX-MARSEILLE,PR,54,79
LYCEE SAINT JEAN EUDES,CAEN,PR,35,79
LYCEE DU FIUM'ORBU (GENERAL ET TECHNO.),CORSE,PU,80,79
LYCEE RENE CASSIN (GENERAL ET TECHNO.),CRETEIL,PU,89,79
LYCEE OLYMPE DE GOUGES,CRETEIL,PU,187,79
LYCEE LANGEVIN-WALLON (GENERAL ET TECHNO.),CRETEIL,PU,233,79
LYCEE ANDRE LURCAT (GENERAL ET TECHNO.),LILLE,PU,141,79
LYCEE LOUIS PASTEUR,LILLE,PU,195,79
LYCEE NORD ATLANTIQUE (GENERAL ET TECHNO.),MARTINIQUE,PU,91,79
LYCEE DES RECOLLETS,NANCY-METZ,PR,72,79
LYCEE PAUL VALERY,PARIS,PU,190,79
LYCEE PHILIPPE LEBON (GENERAL ET TECHNO.),REIMS,PU,80,79
LYCEE JEAN TALON,REIMS,PU,117,79
LYCEE CLEMENT ADER (GENERAL ET TECHNO.),VERSAILLES,PU,80,79
LYCEE JEAN JAURES,VERSAILLES,PU,130,79
LYCEE TOULOUSE LAUTREC,VERSAILLES,PU,38,79
LYCEE FRANCOIS VILLON,VERSAILLES,PU,238,79
LYCEE JEAN DE LA FONTAINE,AMIENS,PU,278,78
LYCEE ANDRE MALRAUX,AMIENS,PU,198,78
LYCEE ALBERT LE GRAND,BORDEAUX,PR,66,78
LYCEE JEAN VILAR,CRETEIL,PU,257,78
LYCEE INTERNAT D'EXCELLENCE  SOURDUN,CRETEIL,PU,55,78
LYCEE FRANCOIS ARAGO (GENERAL ET TECHNO.),CRETEIL,PU,115,78
LYCEE RAOUL GEORGES NICOLO,GUADELOUPE,PU,185,78
LYCEE FAUSTIN FLERET,GUADELOUPE,PU,310,78
LYCEE THEOPHILE LEGRAND,LILLE,PR,35,78
LYCEE COLBERT (GENERAL ET TECHNO.),LILLE,PU,87,78
LYCEE DU HAINAUT,LILLE,PU,106,78
LYCEE LA JETEE (GENERAL ET TECHNO.),MARTINIQUE,PU,190,78
LYCEE DE BRETAGNE,NANTES,PR,33,78
LYCEE OZAR HATORAH,PARIS,PR,33,78
LYCEE BETH HANNA,PARIS,PR,90,78
LYCEE NOTRE DAME DE RECOUVRANCE,POITIERS,PR,61,78
LYCEE BAZEILLES,REIMS,PU,112,78
LYCEE AMELIE ZURCHER (GENERAL ET TECHNO.),STRASBOURG,PU,100,78
LYCEE L AGORA,VERSAILLES,PU,145,78
LYCEE DE L AUTHIE,AMIENS,PU,159,77
LYCEE PIERRE MENDES-FRANCE,CRETEIL,PU,258,77
LYCEE WOLFGANG AMADEUS MOZART,CRETEIL,PU,240,77
LYCEE JOHANNES GUTENBERG (GENERAL ET TECHNO.),CRETEIL,PU,252,77
LYCEE EDMOND LABBE,LILLE,PU,215,77
LYCEE BAUDELAIRE,LILLE,PU,185,77
LYCEE SAINT LOUIS (GENERAL ET TECHNO.),ORLEANS-TOURS,PR,42,77
LYCEE ROBERT SCHUMAN,ROUEN,PU,159,77
LYCEE MARCEL SEMBAT,ROUEN,PU,172,77
LYCEE CHARLES BAUDELAIRE (GENERAL ET TECHNO.),VERSAILLES,PU,159,77
LYCEE CAUCADIS,AIX-MARSEILLE,PR,29,76
LYCEE EDOUARD GAND,AMIENS,PU,156,76
LYCEE JEAN BAPTISTE DELAMBRE,AMIENS,PU,145,76
LYCEE LINO VENTURA,CRETEIL,PU,33,76
LYCEE EUGENE DELACROIX (GENERAL ET TECHNO.),CRETEIL,PU,369,76
LYCEE PAUL LE ROLLAND (GENERAL ET TECHNO.),CRETEIL,PU,32,76
LYCEE BLAISE CENDRARS (GENERAL ET TECHNO.),CRETEIL,PU,231,76
LYCEE PAUL ELUARD,CRETEIL,PU,415,76
LYCEE MONTALEAU,CRETEIL,PU,22,76
LYCEE ISER - BORDIER,GRENOBLE,PR,39,76
LYCEE DES DROITS DE L'HOMME,GUADELOUPE,PU,448,76
LYCEE CESAR BAGGIO,LILLE,PU,140,76
LYCEE JOSEPH PERNOCK (GENERAL ET TECHNO.),MARTINIQUE,PU,91,76
LYCEE SAINTE JEANNE D'ARC,NANCY-METZ,PR,29,76
LYCEE COLBERT,PARIS,PU,196,76
LYCEE ELISA LEMONNIER (GENERAL ET TECHNO.),PARIS,PU,98,76
LYCEE HENRI BERGSON,PARIS,PU,158,76
LYCEE JEAN MOULIN,REIMS,PU,93,76
LYCEE FERNAND ET NADIA LEGER,VERSAILLES,PU,77,76
LYCEE DE LA TOURELLE (GENERAL ET TECHNO.),VERSAILLES,PU,187,76
LYCEE REMPART (RUE DU),AIX-MARSEILLE,PU,115,75
LYCEE NOTRE DAME DE LA VISTE,AIX-MARSEILLE,PR,43,75
LYCEE LA HOTOIE (GENERAL ET TECHNO.),AMIENS,PU,218,75
LYCEE LOUISE MICHEL,CRETEIL,PU,303,75
LYCEE JACQUES FEYDER,CRETEIL,PU,342,75
LYCEE LEONARD DE VINCI,CRETEIL,PU,166,75
LYCEE ADOLPHE CHERIOUX,CRETEIL,PU,179,75
LYCEE JOSEPH MARIE JACQUARD (GENERAL ET TECHNO.),LILLE,PU,93,75
LYCEE JACQUES BREL,LYON,PU,90,75
LYCEE VOLTAIRE,PARIS,PU,236,75
INSTITUTION DON BOSCO,STRASBOURG,PR,26,75
LYCEE GUY DE MAUPASSANT,VERSAILLES,PU,300,75
LYCEE RENE CASSIN,VERSAILLES,PU,380,75
LYCEE FRANCOIS TRUFFAUT,AMIENS,PU,254,74
LYCEE ANTOINE DE SAINT EXUPERY (GENERAL ET TECHNO.),CRETEIL,PU,255,74
LYCEE ANNE MARIE JAVOUHEY (GENERAL ET TECHNO.),GUYANE,PR,40,74
LYCEE SAINT PIERRE,LILLE,PR,22,74
LYCEE EMILE ZOLA (GENERAL ET TECHNO.),LILLE,PU,120,74
LYCEE FRANTZ FANON,MARTINIQUE,PU,436,74
LYCEE FRANCOIS VILLON,PARIS,PU,122,74
LYCEE SAINT GABRIEL,VERSAILLES,PR,53,74
LYCEE MICHEL ANGE,VERSAILLES,PU,158,74
LYCEE JEAN ROSTAND (GENERAL ET TECHNO.),VERSAILLES,PU,160,74
LYCEE DENIS DIDEROT (GENERAL ET TECHNO.),AIX-MARSEILLE,PU,268,73
LYCEE JEAN BOUIN,AMIENS,PU,44,73
LYCEE JEAN RENOIR,CRETEIL,PU,304,73
LYCEE LIBERTE,CRETEIL,PU,80,73
LYCEE SUGER,CRETEIL,PU,161,73
LYCEE AUGUSTE BLANQUI (GENERAL ET TECHNO.),CRETEIL,PU,212,73
LYCEE FELIX EBOUE,GUYANE,PU,322,73
LYCEE LOUIS ARMAND (GENERAL ET TECHNO.),PARIS,PU,182,73
LYCEE PORTE OCEANE (GENERAL ET TECHNO.),ROUEN,PU,139,73
LYCEE JULIE-VICTOIRE DAUBIE,VERSAILLES,PU,232,73
LYCEE ASSOMPTION,CRETEIL,PR,22,72
LYCEE VOILLAUME,CRETEIL,PU,353,72
LYCEE EUGENE HENAFF,CRETEIL,PU,72,72
LYCEE HENRI SELLIER (GENERAL ET TECHNO.),CRETEIL,PU,108,72
LYCEE ILES DU NORD (GENERAL ET TECHNO.),GUADELOUPE,PU,180,72
LYCEE LEON-GONTRAN DAMAS,GUYANE,PU,290,72
LYCEE ROMAIN ROLLAND,VERSAILLES,PU,189,72
LYCEE JEAN-JACQUES ROUSSEAU (GENERAL ET TECHNO.),VERSAILLES,PU,445,72
LYCEE GEORGE SAND,CRETEIL,PU,128,71
LYCEE DU PAYS DE CONDE (GENERAL ET TECHNO.),LILLE,PU,163,71
LYCEE BLAISE PASCAL,NANCY-METZ,PU,164,71
LYCEE JULES RICHARD MICROTECHNIQUES (GENERAL ET TECHNO.),PARIS,PR,38,71
LYCEE DE L'ASSOMPTION,REIMS,PR,28,71
LYCEE RENE AUFFRAY,VERSAILLES,PU,115,71
LYCEE SIMONE DE BEAUVOIR,VERSAILLES,PU,294,71
LYCEE JULES UHRY,AMIENS,PU,266,70
LYCEE ST JOSEPH,BORDEAUX,PR,28,70
LYCEE MAURICE UTRILLO,CRETEIL,PU,274,70
LYCEE AUGUSTE BEHAL,LILLE,PU,218,70
LYCEE ACAJOU 1,MARTINIQUE,PU,129,70
LYCEE FRANCOISE DE GRACE,ROUEN,PU,64,70
LYCEE JOLIOT-CURIE,VERSAILLES,PU,311,70
LYCEE PLAINE DE NEAUPHLE,VERSAILLES,PU,135,70
LYCEE SAINT JOSEPH,CLERMONT-FERRAND,PR,31,69
LYCEE MARCELIN BERTHELOT,CRETEIL,PU,167,69
LYCEE PROVIDENCE,GUADELOUPE,PU,245,69
LYCEE JOSEPH GAILLARD,MARTINIQUE,PU,288,69
LYCEE GEORGES BRAQUE (GENERAL ET TECHNO.),VERSAILLES,PU,189,69
LYCEE SAINT EXUPERY,AIX-MARSEILLE,PU,385,68
LYCEE LEO LAGRANGE,LILLE,PU,145,68
LYCEE LE CORBUSIER,CRETEIL,PU,272,67
LYCEE ALFRED NOBEL (GENERAL ET TECHNO.),CRETEIL,PU,171,67
LYCEE MAXENCE VAN DER MEERSCH,LILLE,PU,86,67
LYCEE GEORGES BRASSENS,VERSAILLES,PU,130,67
LYCEE ST THOMAS D AQUIN,AIX-MARSEILLE,PR,23,66
LYCEE BLAISE PASCAL (GENERAL ET TECHNO.),CRETEIL,PU,83,66
LYCEE MELKIOR GARRE (GENERAL ET TECHNO.),GUYANE,PU,228,66
LYCEE JEAN ROSTAND,LILLE,PU,85,66
LYCEE VICTOR HUGO,AIX-MARSEILLE,PU,272,65
LYCEE JACQUES BREL,CRETEIL,PU,269,65
LYCEE RABELAIS-PARAMEDICAL ET SOCIAL,PARIS,PU,130,65
LYCEE VAUCANSON (GENERAL ET TECHNO.),VERSAILLES,PU,54,65
LYCEE L'ARCHE GUEDON (GENERAL ET TECHNO.),CRETEIL,PU,45,63
LYCEE HENRI WALLON,CRETEIL,PU,191,63
LYCEE MARCEL CACHIN,CRETEIL,PU,95,62
LYCEE BAIMBRIDGE 2 (EX CARAIBES) (GENERAL ET TECHNO.),GUADELOUPE,PU,111,62
LYCEE SENART-ENSEIGNEMENT,VERSAILLES,PR,26,62
LYCEE LA PERSEVERANCE MIXTE,GUADELOUPE,PR,41,59
LYCEE BERTENE JUMINER (GENERAL ET TECHNO.),GUYANE,PU,119,59
LYCEE LUCIE AUBRAC (GENERAL ET TECHNO.),CRETEIL,PU,47,56
LYCEE LEOPOLD ELFORT (GENERAL ET TECHNO.),GUYANE,PU,75,56
LYCEE TOUR SAINTE (DE),AIX-MARSEILLE,PR,52,55
LYCEE SEVIGNE,LILLE,PU,100,55
LYCEE APPLICATION DE L'ENNA,CRETEIL,PU,54,54
LYCEE AMEP (GENERAL ET TECHNO.),MARTINIQUE,PR,193,54
LYCEE JEAN MOULIN,LILLE,PU,134,53
LYCEE DE L'UNION,MARTINIQUE,PR,63,52
LYCEE LUMINA SOPHIE (GENERAL ET TECHNO.),GUYANE,PU,134,45
LYCEE JEAN MOULIN (GENERAL ET TECHNO.),CRETEIL,PU,45,44
